Unity Editor version:    6000.5.0f1 (88b47c5e7076)
Branch:                  6000.5/staging
Build type:              Release
Batch mode:              YES
macOS version:           Version 26.6.2 (Build 25G83)
Darwin version:          25.6.0
Architecture:            arm64
Running under Rosetta:   NO
Available memory:        8192 MB
Date:                    2026-09-30T10:34:11Z
[Licensing::Module] Trying to connect to existing licensing client channel...
[Licensing::IpcConnector] Successfully connected to: "LicenseClient-alokshinde" at "2026-09-30T10:34:11.938919Z"

COMMAND LINE ARGUMENTS:
/Applications/Unity/Hub/Editor/6000.5.0f1/Unity.app/Contents/MacOS/Unity
-adb2
-batchMode
-noUpm
-name
AssetImportWorkerHW1
-projectPath
/Users/alokshinde/Desktop/Unity Projects/project 3rd
-logFile
Logs/AssetImportWorkerHW1.log
-srvPort
50088
-parentPid
1420
-analyticsCloudUserId
15669719516771
-analyticsCloudProjectId
e6e95ea4-ef14-4965-b68b-58e6d45b51f4
-analyticsLocalProjectId
d37c675c6409b486186cdc496d673655
-licensingIpc
LicenseClient-alokshinde
-noDiagnosticSwitchPersistentStore
-job-worker-count
3
-background-job-worker-count
8
-asset-garbage-collectors
1
-force-metal
-name AssetImport
Successfully changed project path to: /Users/alokshinde/Desktop/Unity Projects/project 3rd
/Users/alokshinde/Desktop/Unity Projects/project 3rd
[UnityMemory] Configuration Parameters - Can be set up in boot.config
    "memorysetup-temp-allocator-size-gi-baking-worker=262144"
    "memorysetup-temp-allocator-size-gi-baking-worker=262144"
    "memorysetup-temp-allocator-size-gi-baking-worker=262144"
    "memorysetup-temp-allocator-size-gi-baking-worker=262144"
    "memorysetup-temp-allocator-size-gi-baking-worker=262144"
    "memorysetup-temp-allocator-size-nav-mesh-worker=65536"
    "memorysetup-temp-allocator-size-audio-worker=65536"
    "memorysetup-temp-allocator-size-cloud-worker=32768"
    "memorysetup-allocator-temp-initial-block-size-main=262144"
    "memorysetup-allocator-temp-initial-block-size-worker=262144"
    "memorysetup-temp-allocator-size-preload-manager=33554432"
    "memorysetup-temp-allocator-size-gfx=262144"
    "memorysetup-temp-allocator-size-background-worker=32768"
    "memorysetup-temp-allocator-size-job-worker=262144"
    "memorysetup-bucket-allocator-granularity=16"
    "memorysetup-bucket-allocator-bucket-count=8"
    "memorysetup-bucket-allocator-block-size=33554432"
    "memorysetup-bucket-allocator-block-count=8"
    "memorysetup-main-allocator-block-size=16777216"
    "memorysetup-thread-allocator-block-size=16777216"
    "memorysetup-main-allocator-mimalloc-enabled=0"
    "memorysetup-gfx-main-allocator-block-size=16777216"
    "memorysetup-gfx-thread-allocator-block-size=16777216"
    "memorysetup-cache-allocator-block-size=4194304"
    "memorysetup-typetree-allocator-block-size=2097152"
    "memorysetup-profiler-bucket-allocator-granularity=16"
    "memorysetup-profiler-bucket-allocator-bucket-count=8"
    "memorysetup-profiler-bucket-allocator-block-size=33554432"
    "memorysetup-profiler-bucket-allocator-block-count=8"
    "memorysetup-profiler-allocator-block-size=16777216"
    "memorysetup-profiler-editor-allocator-block-size=1048576"
    "memorysetup-temp-allocator-size-main=16777216"
    "memorysetup-job-temp-allocator-block-size=2097152"
    "memorysetup-job-temp-allocator-block-size-background=1048576"
    "memorysetup-job-temp-allocator-reduction-small-platforms=262144"
Player connection [8291475840]  Target information:

Player connection [8291475840]  * "[IP] 192.168.105.54 [Port] 0 [Flags] 2 [Guid] 241466423 [EditorId] 241466423 [Version] 1048832 [Id] OSXEditor(0,Aloks-MacBook-Air.local) [Debug] 1 [PackageName] OSXEditor [ProjectName] Editor" 

Player connection [8291475840] Host joined multi-casting on [225.0.0.222:54997]...
Player connection [8291475840] Host joined alternative multi-casting on [225.0.0.222:34997]...
JobSystem: Creating JobQueue using job-worker-count value 3
Input System module state changed to: Initialized.
[Physics::Module] Initialized fallback backend.
[Physics::Module] Id: 0xdecafbad
Library Redirect Path: Library/
[Licensing::Client] Handshaking with LicensingClient:
  Version:                 1.18.3+d7ffd15
  Session Id:              e380febcbdc24252a6815b25b7fc2d8b
  Correlation Id:          d0f0b96b1f7ba3fd1725b603f09f54ae
  External correlation Id: 8029850826138535436
  Machine Id:              t729RxkyRSnJNhMUa3ZSLdSs+d4=
[Licensing::Module] Successfully connected to LicensingClient on channel: "LicenseClient-alokshinde" (connect: 0.00s, validation: 0.00s, handshake: 0.66s)
[Licensing::IpcConnector] Successfully connected to: "LicenseClient-alokshinde-notifications" at "2026-09-30T10:34:12.598925Z"
[Licensing::Module] Licensing Background thread has ended after 0.66s
[Physics::Module] Selected backend.
[Physics::Module] Name: PhysX
[Physics::Module] Id: 0xf2b8ea05
[Physics::Module] SDK Version: 4.1.2
[Physics::Module] Integration Version: 1.0.0
[Physics::Module] Threading Mode: Multi-Threaded
Refreshing native plugins compatible for Editor in 5.07 ms, found 2 plugins.
Initialize engine version: 6000.5.0f1 (88b47c5e7076)
[Subsystems] Discovering subsystems at path /Applications/Unity/Hub/Editor/6000.5.0f1/Unity.app/Contents/Resources/UnitySubsystems
[Subsystems] Discovering subsystems at path /Users/alokshinde/Desktop/Unity Projects/project 3rd/Assets
Forcing GfxDevice: Metal
GfxDevice: creating device client; kGfxThreadingModeNonThreaded
 preferred device: Apple M1 (high power)
Metal devices available: 1
0: Apple M1 (high power)
Using device Apple M1 (high power)
Initializing Metal device caps: Apple M1
Mac GPU Family: 2
Apple GPU Family: 7
MSL Version: 3.0
Has Float MSAA: 1
Has Float Filtering: 1
ReadWrite Texture Tier: 2
Initialize mono
Mono path[0] = '/Applications/Unity/Hub/Editor/6000.5.0f1/Unity.app/Contents/Resources/Scripting/Managed'
Mono path[1] = '/Applications/Unity/Hub/Editor/6000.5.0f1/Unity.app/Contents/Resources/Scripting/BCLExtensions/runtime/netstandard2.1'
Mono path[2] = '/Applications/Unity/Hub/Editor/6000.5.0f1/Unity.app/Contents/Resources/Scripting/MonoBleedingEdge/lib/mono/unityjit-macos'
Mono config path = '/Applications/Unity/Hub/Editor/6000.5.0f1/Unity.app/Contents/Resources/Scripting/MonoBleedingEdge/etc'
Using monoOptions --debugger-agent=transport=dt_socket,embedding=1,server=y,suspend=n,address=127.0.0.1:56507
CodeReloadManager initialized
Begin MonoManager ReloadAssembly
Registering precompiled unity dll's ...
Register platform support module: /Applications/Unity/Hub/Editor/6000.5.0f1/PlaybackEngines/WebGLSupport/UnityEditor.WebGL.Extensions.dll
Register platform support module: /Applications/Unity/Hub/Editor/6000.5.0f1/PlaybackEngines/MacStandaloneSupport/UnityEditor.OSXStandalone.Extensions.dll
Registered in 0.001213 seconds.
Native extension for OSXStandalone target not found
Native extension for WebGL target not found
Package Manager log level set to [2]
[Package Manager] Failed to launch server process. Reason: Unity was launched with the -noUpm command-line argument
[Package Manager] Unable to send message (not connected to server process).
[Package Manager] Cannot connect to Unity Package Manager local server
ScheduleIndexationOnStartup MainProcess:False IndexOnStartup:True
Mono: successfully reloaded assembly
- Finished resetting the current domain, in  0.300 seconds
Domain Reload Profiling: 699ms
	BeginReloadAssembly (94ms)
	RebuildCommonClasses (4ms)
	RebuildNativeTypeToScriptingClass (15ms)
	initialDomainReloadingComplete (43ms)
	LoadAllAssembliesAndSetupDomain (241ms)
		LoadAssemblies (94ms)
		AnalyzeDomain (186ms)
			TypeCache.Refresh (185ms)
				TypeCache.ScanAssembly (170ms)
	FinalizeReload (302ms)
		SetupLoadedEditorAssemblies (0ms)
			BeforeProcessingInitializeOnLoad (61ms)
			ProcessInitializeOnLoadAttributes (74ms)
			ProcessInitializeOnLoadMethodAttributes (90ms)
Initializing Unity extensions:
[Licensing::Client] Successfully resolved entitlement details
[Licensing::Module] License group:
  Id: 15669719516771-UnityPersXXXX
  Product: Unity Personal
  Type: Assigned
  Expiration: Unlimited
[CoreBusinessMetrics] Unexpected thread when updating session info.
========================================================================
Worker process is ready to serve import requests
Import Worker Mode flag is 0x00
Begin MonoManager ReloadAssembly
Native extension for OSXStandalone target not found
Native extension for WebGL target not found
[Package Manager] Failed to launch server process. Reason: Unity was launched with the -noUpm command-line argument
[Package Manager] Unable to send message (not connected to server process).
[Package Manager] Cannot connect to Unity Package Manager local server
[Package Manager] Failed to launch server process. Reason: Unity was launched with the -noUpm command-line argument
[Package Manager] Unable to send message (not connected to server process).
[Package Manager] Cannot connect to Unity Package Manager local server
ScheduleIndexationOnStartup MainProcess:False IndexOnStartup:True
Mono: successfully reloaded assembly
- Finished resetting the current domain, in  0.643 seconds
Domain Reload Profiling: 1309ms
	BeginReloadAssembly (116ms)
		DisableScriptedObjects (4ms)
		CreateAndSetChildDomain (14ms)
	RebuildCommonClasses (6ms)
	RebuildNativeTypeToScriptingClass (14ms)
	initialDomainReloadingComplete (28ms)
	LoadAllAssembliesAndSetupDomain (501ms)
		LoadAssemblies (223ms)
		AnalyzeDomain (252ms)
			TypeCache.Refresh (175ms)
				TypeCache.ScanAssembly (157ms)
			BuildScriptInfoCaches (70ms)
			ResolveRequiredComponents (5ms)
	FinalizeReload (643ms)
		SetupLoadedEditorAssemblies (0ms)
			BeforeProcessingInitializeOnLoad (58ms)
			ProcessInitializeOnLoadAttributes (292ms)
			ProcessInitializeOnLoadMethodAttributes (70ms)
AcceleratorClientConnectionCallback - disconnected - :0
WARNING: Shader Unsupported: 'HDRP/TerrainLit' - All subshaders removed
WARNING: Shader Did you use #pragma only_renderers and omit this platform?
WARNING: Shader If subshaders removal was intentional, you may have forgotten turning Fallback off?
WARNING: Shader Unsupported: 'Hidden/Builtin_TerrainVisualization' - All subshaders removed
WARNING: Shader Did you use #pragma only_renderers and omit this platform?
WARNING: Shader If subshaders removal was intentional, you may have forgotten turning Fallback off?
WARNING: Shader Unsupported: 'Universal Render Pipeline/VR/SpatialMapping/Wireframe' - All subshaders removed
WARNING: Shader Did you use #pragma only_renderers and omit this platform?
WARNING: Shader If subshaders removal was intentional, you may have forgotten turning Fallback off?
Shader Hidden/ChartRasterizerHardware is not supported: GPU does not support conservative rasterization
Shader Hidden/ChartRasterizerHardware is not supported: GPU does not support conservative rasterization
Launching external process: /Applications/Unity/Hub/Editor/6000.5.0f1/Unity.app/Contents/Helpers/UnityShaderCompiler
Launched and connected shader compiler UnityShaderCompiler after 0.07 seconds
Refreshing native plugins compatible for Editor in 8.96 ms, found 2 plugins.
Unloading 205 Unused Serialized files (Serialized files now loaded: 0)
Curl error 3: URL rejected: Error
Unloading 8333 unused Assets / (22.2 MB). Loaded Objects now: 9135.
Memory consumption went from 270.2 MB to 248.0 MB.
Total: 49.258666 ms (FindLiveObjects: 7.833875 ms CreateObjectMapping: 2.640750 ms MarkObjects: 25.229709 ms  DeleteObjects: 13.423625 ms)

========================================================================
Received Prepare
AcceleratorClientConnectionCallback - disconnected - :0
WARNING: Shader Unsupported: 'HDRP/TerrainLit' - All subshaders removed
WARNING: Shader Did you use #pragma only_renderers and omit this platform?
WARNING: Shader If subshaders removal was intentional, you may have forgotten turning Fallback off?
WARNING: Shader Unsupported: 'Hidden/Builtin_TerrainVisualization' - All subshaders removed
WARNING: Shader Did you use #pragma only_renderers and omit this platform?
WARNING: Shader If subshaders removal was intentional, you may have forgotten turning Fallback off?
WARNING: Shader Unsupported: 'Universal Render Pipeline/VR/SpatialMapping/Wireframe' - All subshaders removed
WARNING: Shader Did you use #pragma only_renderers and omit this platform?
WARNING: Shader If subshaders removal was intentional, you may have forgotten turning Fallback off?
Shader Hidden/ChartRasterizerHardware is not supported: GPU does not support conservative rasterization
Unloading 200 Unused Serialized files (Serialized files now loaded: 0)
Unloading 200 unused Assets / (14.2 MB). Loaded Objects now: 9135.
Memory consumption went from 261.9 MB to 247.7 MB.
Total: 20.498875 ms (FindLiveObjects: 2.175166 ms CreateObjectMapping: 0.946959 ms MarkObjects: 14.801625 ms  DeleteObjects: 2.574959 ms)

Prepare: number of updated asset objects reloaded= 0
========================================================================
Received Import Request.
  Time of request: 2026-09-30T11:07:16.322598Z
  Time since last request: 3534.27160029100014 seconds.
  importAddress: GUID: ec7631fecb9224f13b2775dc623c57be - Path: Assets/Settings/HDRPDefaultResources/DefaultSettingsVolumeProfile.asset - Importer: ScriptedImporter/UnityEditor.QuickSearchModule:UnityEditor.Search:ASIAI0B
Importing 'GUID: ec7631fecb9224f13b2775dc623c57be - Path: Assets/Settings/HDRPDefaultResources/DefaultSettingsVolumeProfile.asset - Importer: ScriptedImporter/UnityEditor.QuickSearchModule:UnityEditor.Search:ASIAI0B' with importer (ScriptedImporter : UnityEditor.QuickSearchModule:UnityEditor.Search:ASIAI0B)
Imported 'GUID: ec7631fecb9224f13b2775dc623c57be' -> (Import Result ID: '13b2c747965bac24ce92ca553d20114c') in 0.131 seconds [static and dynamic dependencies]. Details - ImportResultOutputID=7cf363165c314c51df4c9488f1699aca DependenciesID=bcdc6b17bf34dbd750dc574e772f5450 StaticDependenciesID=8aa716c89a0ae46966f0d515fabb5c35 
Number of updated asset objects reloaded before import = 0
Number of asset objects unloaded after import = 19
========================================================================
Received Import Request.
  Time of request: 2026-09-30T11:07:16.490818Z
  Time since last request: 0.00107825 seconds.
  importAddress: GUID: ab356b1e2943149dd90eb72a005ddbee - Path: Assets/Settings/HDRPDefaultResources - Importer: ScriptedImporter/UnityEditor.QuickSearchModule:UnityEditor.Search:ASIAI0B
Importing 'GUID: ab356b1e2943149dd90eb72a005ddbee - Path: Assets/Settings/HDRPDefaultResources - Importer: ScriptedImporter/UnityEditor.QuickSearchModule:UnityEditor.Search:ASIAI0B' with importer (ScriptedImporter : UnityEditor.QuickSearchModule:UnityEditor.Search:ASIAI0B)
Imported 'GUID: ab356b1e2943149dd90eb72a005ddbee' -> (Import Result ID: 'fc1931c90e7c81df9274fb571a582a1f') in 0.003 seconds [static and dynamic dependencies]. Details - ImportResultOutputID=f318e54f2acc6ad8fc3151d0feaca7bf DependenciesID=b809ea28d78fd8d9d722b486d44f4522 StaticDependenciesID=122171851dab5cf518254cfd2d5308be 
Number of updated asset objects reloaded before import = 0
Number of asset objects unloaded after import = 1
========================================================================
Received Import Request.
  Time of request: 2026-09-30T11:07:17.028369Z
  Time since last request: 0.514490334 seconds.
  importAddress: GUID: bf0e3e0c64bef47c0b9c53270f789070 - Path: Assets/Terrain/New Terrain.asset - Importer: PreviewImporter
Importing 'GUID: bf0e3e0c64bef47c0b9c53270f789070 - Path: Assets/Terrain/New Terrain.asset - Importer: PreviewImporter' with importer (PreviewImporter)
Imported 'GUID: bf0e3e0c64bef47c0b9c53270f789070' -> (Import Result ID: '9ca35a8fc31aa3ceccb041b0e762c4da') in 0.046 seconds [static and dynamic dependencies]. Details - ImportResultOutputID=0fafcc1cea05f3a41ff9d4df9ceb5bb3 DependenciesID=3fe75b1b083213094c436ae165c10a65 StaticDependenciesID=c832c46d435920db1d279c9051b8d1a7 
Number of updated asset objects reloaded before import = 0
Number of asset objects unloaded after import = 1
========================================================================
Received Import Request.
  Time of request: 2026-09-30T11:07:17.096577Z
  Time since last request: 0.00003875 seconds.
  importAddress: GUID: 46af0068df48a4e09b62d6074a64fbbb - Path: Assets/Terrain/New Terrain 1.asset - Importer: PreviewImporter
Importing 'GUID: 46af0068df48a4e09b62d6074a64fbbb - Path: Assets/Terrain/New Terrain 1.asset - Importer: PreviewImporter' with importer (PreviewImporter)
Imported 'GUID: 46af0068df48a4e09b62d6074a64fbbb' -> (Import Result ID: 'b5456206b4d25fe47494ae8825cae2be') in 0.004 seconds [static and dynamic dependencies]. Details - ImportResultOutputID=ed98e29a432e7eb3a771a6b8481d03f7 DependenciesID=708fdc3084971fb3347a5eb4e77aceae StaticDependenciesID=c276ef03ee329f081d2b2ad0926c78ee 
Number of updated asset objects reloaded before import = 0
Number of asset objects unloaded after import = 1
========================================================================
Received Import Request.
  Time of request: 2026-09-30T11:08:12.132973Z
  Time since last request: 55.01285325 seconds.
  importAddress: GUID: f31e3331ec5f6954e8c6ac51cc3d8c79 - Path: Assets/Imported_Aseests/TerrainSampleAssets/TerrainBrushes/Terrainstamp_Hills02_Brush.brush - Importer: ScriptedImporter/UnityEditor.QuickSearchModule:UnityEditor.Search:ASIAI0B
Importing 'GUID: f31e3331ec5f6954e8c6ac51cc3d8c79 - Path: Assets/Imported_Aseests/TerrainSampleAssets/TerrainBrushes/Terrainstamp_Hills02_Brush.brush - Importer: ScriptedImporter/UnityEditor.QuickSearchModule:UnityEditor.Search:ASIAI0B' with importer (ScriptedImporter : UnityEditor.QuickSearchModule:UnityEditor.Search:ASIAI0B)
Imported 'GUID: f31e3331ec5f6954e8c6ac51cc3d8c79' -> (Import Result ID: '3b06488a30e891f2638fb6689ee58bc0') in 0.055 seconds [static and dynamic dependencies]. Details - ImportResultOutputID=9446a051df11873db022e81c6ff69c98 DependenciesID=61f2faea0a43e69b4f058eb37507c4e7 StaticDependenciesID=3276f6e7581a8e1d0c03f4cd43032a95 
Number of updated asset objects reloaded before import = 0
Number of asset objects unloaded after import = 2
========================================================================
Received Import Request.
  Time of request: 2026-09-30T11:08:12.214361Z
  Time since last request: 0.000496333 seconds.
  importAddress: GUID: f0f4bc7f1e92642e496496a528294b37 - Path: Assets/Imported_Aseests/TerrainSampleAssets - Importer: ScriptedImporter/UnityEditor.QuickSearchModule:UnityEditor.Search:ASIAI0B
Importing 'GUID: f0f4bc7f1e92642e496496a528294b37 - Path: Assets/Imported_Aseests/TerrainSampleAssets - Importer: ScriptedImporter/UnityEditor.QuickSearchModule:UnityEditor.Search:ASIAI0B' with importer (ScriptedImporter : UnityEditor.QuickSearchModule:UnityEditor.Search:ASIAI0B)
Imported 'GUID: f0f4bc7f1e92642e496496a528294b37' -> (Import Result ID: '66768cae98b052ffae348399d597763b') in 0.004 seconds [static and dynamic dependencies]. Details - ImportResultOutputID=6fa4b652567cd305eba3d939ffaa301e DependenciesID=ffc8094996a99783ced172b7184cdb82 StaticDependenciesID=6dfd18bc69d9394b158e88173ad13e1b 
Number of updated asset objects reloaded before import = 0
Number of asset objects unloaded after import = 1
========================================================================
Received Import Request.
  Time of request: 2026-09-30T11:08:12.240783Z
  Time since last request: 0.000480083 seconds.
  importAddress: GUID: dd902ff2a6f685041be127af00c09664 - Path: Assets/Imported_Aseests/TerrainSampleAssets/Prefabs/Heather_B.prefab - Importer: ScriptedImporter/UnityEditor.QuickSearchModule:UnityEditor.Search:ASIAI0B
Importing 'GUID: dd902ff2a6f685041be127af00c09664 - Path: Assets/Imported_Aseests/TerrainSampleAssets/Prefabs/Heather_B.prefab - Importer: ScriptedImporter/UnityEditor.QuickSearchModule:UnityEditor.Search:ASIAI0B' with importer (ScriptedImporter : UnityEditor.QuickSearchModule:UnityEditor.Search:ASIAI0B)
Imported 'GUID: dd902ff2a6f685041be127af00c09664' -> (Import Result ID: 'e3ea354e7fa63b2af2b1c3715320d990') in 0.064 seconds [static and dynamic dependencies]. Details - ImportResultOutputID=d1cced01b024d83f4ee373b447f0285f DependenciesID=49bcd9da8c7d70095683db940f087688 StaticDependenciesID=1db9f89c4f9333192ab336a5a4fb5b44 
Number of updated asset objects reloaded before import = 0
Number of asset objects unloaded after import = 9
========================================================================
Received Import Request.
  Time of request: 2026-09-30T11:08:12.327219Z
  Time since last request: 0.000036375 seconds.
  importAddress: GUID: bd1fcb10d2c5b5d4ba6e01a34e4735be - Path: Assets/Imported_Aseests/TerrainSampleAssets/TerrainLayers/Grass_B_TerrainLayer.terrainlayer - Importer: ScriptedImporter/UnityEditor.QuickSearchModule:UnityEditor.Search:ASIAI0B
Importing 'GUID: bd1fcb10d2c5b5d4ba6e01a34e4735be - Path: Assets/Imported_Aseests/TerrainSampleAssets/TerrainLayers/Grass_B_TerrainLayer.terrainlayer - Importer: ScriptedImporter/UnityEditor.QuickSearchModule:UnityEditor.Search:ASIAI0B' with importer (ScriptedImporter : UnityEditor.QuickSearchModule:UnityEditor.Search:ASIAI0B)
Imported 'GUID: bd1fcb10d2c5b5d4ba6e01a34e4735be' -> (Import Result ID: 'f101e6de2ab6aa84a565b69200f1ad61') in 0.019 seconds [static and dynamic dependencies]. Details - ImportResultOutputID=f8b76e061dcf512cc5705931c01824aa DependenciesID=ffc2bb2a3f1d8e2f6cba9718e84b249d StaticDependenciesID=1c8a82e550069f1d21b41099faf1e374 
Number of updated asset objects reloaded before import = 0
Number of asset objects unloaded after import = 4
========================================================================
Received Import Request.
  Time of request: 2026-09-30T11:08:12.368478Z
  Time since last request: 0.000778625 seconds.
  importAddress: GUID: 0a701dc0b49cb264c88918e012866821 - Path: Assets/Imported_Aseests/TerrainSampleAssets/Prefabs/Plant_B.prefab - Importer: ScriptedImporter/UnityEditor.QuickSearchModule:UnityEditor.Search:ASIAI0B
Importing 'GUID: 0a701dc0b49cb264c88918e012866821 - Path: Assets/Imported_Aseests/TerrainSampleAssets/Prefabs/Plant_B.prefab - Importer: ScriptedImporter/UnityEditor.QuickSearchModule:UnityEditor.Search:ASIAI0B' with importer (ScriptedImporter : UnityEditor.QuickSearchModule:UnityEditor.Search:ASIAI0B)
Imported 'GUID: 0a701dc0b49cb264c88918e012866821' -> (Import Result ID: '9c972d3698f7ae7c52a499d00763bdf9') in 0.008 seconds [static and dynamic dependencies]. Details - ImportResultOutputID=d0edb59660cbb7bc0b2ee0653be2a84b DependenciesID=f2e1744961a825b1b13bd8baf1bc7a9b StaticDependenciesID=54daaaaf7200c88f25e79048291bd02f 
Number of updated asset objects reloaded before import = 0
Number of asset objects unloaded after import = 9
========================================================================
Received Import Request.
  Time of request: 2026-09-30T11:08:12.402631Z
  Time since last request: 0.000238959 seconds.
  importAddress: GUID: 95c06121a3f5d524c8cad4ff4e302950 - Path: Assets/Imported_Aseests/TerrainSampleAssets/Models/GrassDry_A.asset - Importer: ScriptedImporter/UnityEditor.QuickSearchModule:UnityEditor.Search:ASIAI0B
Importing 'GUID: 95c06121a3f5d524c8cad4ff4e302950 - Path: Assets/Imported_Aseests/TerrainSampleAssets/Models/GrassDry_A.asset - Importer: ScriptedImporter/UnityEditor.QuickSearchModule:UnityEditor.Search:ASIAI0B' with importer (ScriptedImporter : UnityEditor.QuickSearchModule:UnityEditor.Search:ASIAI0B)
Imported 'GUID: 95c06121a3f5d524c8cad4ff4e302950' -> (Import Result ID: '5093cf2260a3011a61bae7f155a8aa31') in 0.009 seconds [static and dynamic dependencies]. Details - ImportResultOutputID=e996242422ddadc5181cf79bbd8e0aa0 DependenciesID=6a1cf5b78806ccce0a48fbf00bddf7e6 StaticDependenciesID=65e31d583e7ace9744c317a263e77ddf 
Number of updated asset objects reloaded before import = 0
Number of asset objects unloaded after import = 1
========================================================================
Received Import Request.
  Time of request: 2026-09-30T11:08:12.433546Z
  Time since last request: 0.0008525 seconds.
  importAddress: GUID: 2093015066086b94e9636a0e1f1344ea - Path: Assets/Imported_Aseests/TerrainSampleAssets/Textures/Heightmaps/Ridge01_Heightmap.tif - Importer: ScriptedImporter/UnityEditor.QuickSearchModule:UnityEditor.Search:ASIAI0B
Importing 'GUID: 2093015066086b94e9636a0e1f1344ea - Path: Assets/Imported_Aseests/TerrainSampleAssets/Textures/Heightmaps/Ridge01_Heightmap.tif - Importer: ScriptedImporter/UnityEditor.QuickSearchModule:UnityEditor.Search:ASIAI0B' with importer (ScriptedImporter : UnityEditor.QuickSearchModule:UnityEditor.Search:ASIAI0B)
Imported 'GUID: 2093015066086b94e9636a0e1f1344ea' -> (Import Result ID: '264d3ee93baf63ab28ea93dffc5b2a0f') in 0.027 seconds [static and dynamic dependencies]. Details - ImportResultOutputID=51d360bbd1936af46582b473dbe5df08 DependenciesID=b8a5e7371651ffef476ad734817f2f6d StaticDependenciesID=4ea547f1ac41d6957c00209318579cec 
Number of updated asset objects reloaded before import = 0
Number of asset objects unloaded after import = 1
========================================================================
Received Import Request.
  Time of request: 2026-09-30T11:08:12.486009Z
  Time since last request: 0.001145667 seconds.
  importAddress: GUID: fa4ffd32709146c448c403bfd045f3fb - Path: Assets/Imported_Aseests/TerrainSampleAssets/Models/Heather_B.asset - Importer: ScriptedImporter/UnityEditor.QuickSearchModule:UnityEditor.Search:ASIAI0B
Importing 'GUID: fa4ffd32709146c448c403bfd045f3fb - Path: Assets/Imported_Aseests/TerrainSampleAssets/Models/Heather_B.asset - Importer: ScriptedImporter/UnityEditor.QuickSearchModule:UnityEditor.Search:ASIAI0B' with importer (ScriptedImporter : UnityEditor.QuickSearchModule:UnityEditor.Search:ASIAI0B)
Imported 'GUID: fa4ffd32709146c448c403bfd045f3fb' -> (Import Result ID: 'aa048188e29edb974667823340e8074c') in 0.003 seconds [static and dynamic dependencies]. Details - ImportResultOutputID=1c02a253b71d26f59bfb218ce3e47825 DependenciesID=51cd09c2842929ea5217cbcd5ac693ad StaticDependenciesID=9a291b8d0abca0189e0d1f96e2c06ff2 
Number of updated asset objects reloaded before import = 0
Number of asset objects unloaded after import = 1
========================================================================
Received Import Request.
  Time of request: 2026-09-30T11:08:12.508646Z
  Time since last request: 0.001124209 seconds.
  importAddress: GUID: 773f0cf0efc85a14a9f70e559642746f - Path: Assets/Imported_Aseests/TerrainSampleAssets/Textures/Terrain/Soil_Rocks_Normal.tif - Importer: ScriptedImporter/UnityEditor.QuickSearchModule:UnityEditor.Search:ASIAI0B
Importing 'GUID: 773f0cf0efc85a14a9f70e559642746f - Path: Assets/Imported_Aseests/TerrainSampleAssets/Textures/Terrain/Soil_Rocks_Normal.tif - Importer: ScriptedImporter/UnityEditor.QuickSearchModule:UnityEditor.Search:ASIAI0B' with importer (ScriptedImporter : UnityEditor.QuickSearchModule:UnityEditor.Search:ASIAI0B)
Imported 'GUID: 773f0cf0efc85a14a9f70e559642746f' -> (Import Result ID: 'f4ade13b62f6e79f1ab0889bce6d6a6b') in 0.008 seconds [static and dynamic dependencies]. Details - ImportResultOutputID=abe33379e33c8df6785df1666842dc1c DependenciesID=31029cf0b153de865d6ea9eb14ec2551 StaticDependenciesID=1e58f43e7b56a939254585d48db01baf 
Number of updated asset objects reloaded before import = 0
Number of asset objects unloaded after import = 1
========================================================================
Received Import Request.
  Time of request: 2026-09-30T11:08:12.536411Z
  Time since last request: 0.000874167 seconds.
  importAddress: GUID: 214f6da7065a69346b1ec423d8756968 - Path: Assets/Imported_Aseests/TerrainSampleAssets/ShaderGraphs - Importer: ScriptedImporter/UnityEditor.QuickSearchModule:UnityEditor.Search:ASIAI0B
Importing 'GUID: 214f6da7065a69346b1ec423d8756968 - Path: Assets/Imported_Aseests/TerrainSampleAssets/ShaderGraphs - Importer: ScriptedImporter/UnityEditor.QuickSearchModule:UnityEditor.Search:ASIAI0B' with importer (ScriptedImporter : UnityEditor.QuickSearchModule:UnityEditor.Search:ASIAI0B)
Imported 'GUID: 214f6da7065a69346b1ec423d8756968' -> (Import Result ID: 'a3ac83d10ffa1d6c0d17854594c6e34d') in 0.002 seconds [static and dynamic dependencies]. Details - ImportResultOutputID=84d8ee425236a435dac001ac62be41a0 DependenciesID=c0adee538e25de357674a8832de4dd5c StaticDependenciesID=50625ef7538ee824be6db982dc58aeb1 
Number of updated asset objects reloaded before import = 0
Number of asset objects unloaded after import = 1
========================================================================
Received Import Request.
  Time of request: 2026-09-30T11:08:12.558349Z
  Time since last request: 0.0004845 seconds.
  importAddress: GUID: 22848ae0b35f9cb4f830ade382bd4f44 - Path: Assets/Imported_Aseests/TerrainSampleAssets/ShaderGraphs/Subgraphs/MainLight.shadersubgraph - Importer: ScriptedImporter/UnityEditor.QuickSearchModule:UnityEditor.Search:ASIAI0B
Importing 'GUID: 22848ae0b35f9cb4f830ade382bd4f44 - Path: Assets/Imported_Aseests/TerrainSampleAssets/ShaderGraphs/Subgraphs/MainLight.shadersubgraph - Importer: ScriptedImporter/UnityEditor.QuickSearchModule:UnityEditor.Search:ASIAI0B' with importer (ScriptedImporter : UnityEditor.QuickSearchModule:UnityEditor.Search:ASIAI0B)
Imported 'GUID: 22848ae0b35f9cb4f830ade382bd4f44' -> (Import Result ID: '5d5e5aa2e742a6c11528ba1768b21b6e') in 0.006 seconds [static and dynamic dependencies]. Details - ImportResultOutputID=72abc9bc1be5276863d3bac5da5d097c DependenciesID=0f681cdc382b0a425026f5fa4a0444f5 StaticDependenciesID=439ed08eb26cafac116f44dcec348952 
Number of updated asset objects reloaded before import = 0
Number of asset objects unloaded after import = 1
========================================================================
Received Import Request.
  Time of request: 2026-09-30T11:08:12.584053Z
  Time since last request: 0.000545875 seconds.
  importAddress: GUID: 2aec11f43f8ed014b961b28ac00ab436 - Path: Assets/Imported_Aseests/TerrainSampleAssets/Materials - Importer: ScriptedImporter/UnityEditor.QuickSearchModule:UnityEditor.Search:ASIAI0B
Importing 'GUID: 2aec11f43f8ed014b961b28ac00ab436 - Path: Assets/Imported_Aseests/TerrainSampleAssets/Materials - Importer: ScriptedImporter/UnityEditor.QuickSearchModule:UnityEditor.Search:ASIAI0B' with importer (ScriptedImporter : UnityEditor.QuickSearchModule:UnityEditor.Search:ASIAI0B)
Imported 'GUID: 2aec11f43f8ed014b961b28ac00ab436' -> (Import Result ID: '290646d6637f5c819f066b2812df0b57') in 0.003 seconds [static and dynamic dependencies]. Details - ImportResultOutputID=3638f34a23b87d5a0727153412fdd356 DependenciesID=7c9b203902bf7b9627f9475d8d82063d StaticDependenciesID=51d9f96821c3b92d27017dd02ed51c5d 
Number of updated asset objects reloaded before import = 0
Number of asset objects unloaded after import = 1
========================================================================
Received Import Request.
  Time of request: 2026-09-30T11:08:12.618365Z
  Time since last request: 0.012351667 seconds.
  importAddress: GUID: 363319f155d126f42babcdde1483c92d - Path: Assets/Imported_Aseests/TerrainSampleAssets/Textures/Heightmaps/Volcano01_Heightmap.tif - Importer: ScriptedImporter/UnityEditor.QuickSearchModule:UnityEditor.Search:ASIAI0B
Importing 'GUID: 363319f155d126f42babcdde1483c92d - Path: Assets/Imported_Aseests/TerrainSampleAssets/Textures/Heightmaps/Volcano01_Heightmap.tif - Importer: ScriptedImporter/UnityEditor.QuickSearchModule:UnityEditor.Search:ASIAI0B' with importer (ScriptedImporter : UnityEditor.QuickSearchModule:UnityEditor.Search:ASIAI0B)
Imported 'GUID: 363319f155d126f42babcdde1483c92d' -> (Import Result ID: '738c14eb06ec275b7a274486422caa44') in 0.016 seconds [static and dynamic dependencies]. Details - ImportResultOutputID=93baeba767671f195b7a0f19dcd7b588 DependenciesID=fc59445064789b97ce185a7ee41c72d9 StaticDependenciesID=d3eba3038d39e7beed4eb7a5aac200ff 
Number of updated asset objects reloaded before import = 0
Number of asset objects unloaded after import = 1
========================================================================
Received Import Request.
  Time of request: 2026-09-30T11:08:12.671817Z
  Time since last request: 0.001603167 seconds.
  importAddress: GUID: b5680c218e8592f489953c2723e3aac4 - Path: Assets/Imported_Aseests/TerrainSampleAssets/Textures/Details/Heather_A_Normal.tif - Importer: ScriptedImporter/UnityEditor.QuickSearchModule:UnityEditor.Search:ASIAI0B
Importing 'GUID: b5680c218e8592f489953c2723e3aac4 - Path: Assets/Imported_Aseests/TerrainSampleAssets/Textures/Details/Heather_A_Normal.tif - Importer: ScriptedImporter/UnityEditor.QuickSearchModule:UnityEditor.Search:ASIAI0B' with importer (ScriptedImporter : UnityEditor.QuickSearchModule:UnityEditor.Search:ASIAI0B)
Imported 'GUID: b5680c218e8592f489953c2723e3aac4' -> (Import Result ID: '37d77e2098e390cbd20c13d73c7c178f') in 0.007 seconds [static and dynamic dependencies]. Details - ImportResultOutputID=ac7aa1e2c56a5f53b4a7f07a9a61539b DependenciesID=40f52e3df706047e118c8a1b15ea8b31 StaticDependenciesID=c8836b0572f0bd3b74dc7a3cd8e241fd 
Number of updated asset objects reloaded before import = 0
Number of asset objects unloaded after import = 1
========================================================================
Received Import Request.
  Time of request: 2026-09-30T11:08:12.709291Z
  Time since last request: 0.001601083 seconds.
  importAddress: GUID: 1d3c53100af6f1c4b8e84deb9f652a6f - Path: Assets/Imported_Aseests/TerrainSampleAssets/ShaderGraphs/Subgraphs/RandomFromPosition.shadersubgraph - Importer: ScriptedImporter/UnityEditor.QuickSearchModule:UnityEditor.Search:ASIAI0B
Importing 'GUID: 1d3c53100af6f1c4b8e84deb9f652a6f - Path: Assets/Imported_Aseests/TerrainSampleAssets/ShaderGraphs/Subgraphs/RandomFromPosition.shadersubgraph - Importer: ScriptedImporter/UnityEditor.QuickSearchModule:UnityEditor.Search:ASIAI0B' with importer (ScriptedImporter : UnityEditor.QuickSearchModule:UnityEditor.Search:ASIAI0B)
Imported 'GUID: 1d3c53100af6f1c4b8e84deb9f652a6f' -> (Import Result ID: 'b431daef9d27dc5dd089431fea4ae799') in 0.006 seconds [static and dynamic dependencies]. Details - ImportResultOutputID=bca590b8f91b015871625a4024dbf493 DependenciesID=33e98c019464a0d91637e10414fb0b80 StaticDependenciesID=edffdc1cf1b7b7990761c62d3d9bdc1f 
Number of updated asset objects reloaded before import = 0
Number of asset objects unloaded after import = 1
========================================================================
Received Import Request.
  Time of request: 2026-09-30T11:08:12.744188Z
  Time since last request: 0.001068542 seconds.
  importAddress: GUID: 2237978dd4f94904dbd95e281226ca42 - Path: Assets/Imported_Aseests/TerrainSampleAssets/Textures/Details - Importer: ScriptedImporter/UnityEditor.QuickSearchModule:UnityEditor.Search:ASIAI0B
Importing 'GUID: 2237978dd4f94904dbd95e281226ca42 - Path: Assets/Imported_Aseests/TerrainSampleAssets/Textures/Details - Importer: ScriptedImporter/UnityEditor.QuickSearchModule:UnityEditor.Search:ASIAI0B' with importer (ScriptedImporter : UnityEditor.QuickSearchModule:UnityEditor.Search:ASIAI0B)
Imported 'GUID: 2237978dd4f94904dbd95e281226ca42' -> (Import Result ID: '5eca68a34be0ab8cfc95fb72d392eeb3') in 0.003 seconds [static and dynamic dependencies]. Details - ImportResultOutputID=f046a8c019b8fc13099ff038eabc7f04 DependenciesID=1d34bd037a27deb39e2134a660333170 StaticDependenciesID=782950d5692c6178b3711eecc1fdd8fa 
Number of updated asset objects reloaded before import = 0
Number of asset objects unloaded after import = 1
========================================================================
Received Import Request.
  Time of request: 2026-09-30T11:08:12.782444Z
  Time since last request: 0.000959125 seconds.
  importAddress: GUID: fd3a283142a57bd4aa8029f5e0705fc5 - Path: Assets/Imported_Aseests/TerrainSampleAssets/Textures/Heightmaps/Canyon04_Heightmap.tif - Importer: ScriptedImporter/UnityEditor.QuickSearchModule:UnityEditor.Search:ASIAI0B
Importing 'GUID: fd3a283142a57bd4aa8029f5e0705fc5 - Path: Assets/Imported_Aseests/TerrainSampleAssets/Textures/Heightmaps/Canyon04_Heightmap.tif - Importer: ScriptedImporter/UnityEditor.QuickSearchModule:UnityEditor.Search:ASIAI0B' with importer (ScriptedImporter : UnityEditor.QuickSearchModule:UnityEditor.Search:ASIAI0B)
Imported 'GUID: fd3a283142a57bd4aa8029f5e0705fc5' -> (Import Result ID: '1255e89b2b33f5af29a537dbf30f1555') in 0.006 seconds [static and dynamic dependencies]. Details - ImportResultOutputID=0dbf80d676c98a861f4a53b6e25e1fa0 DependenciesID=2de8c7e45a085e2a0e03e625802c7014 StaticDependenciesID=02bf8928d262c33fe0c01aa4c5e6a335 
Number of updated asset objects reloaded before import = 0
Number of asset objects unloaded after import = 1
========================================================================
Received Import Request.
  Time of request: 2026-09-30T11:08:12.811554Z
  Time since last request: 0.000964 seconds.
  importAddress: GUID: 06d093db78f37314382766fde05acf29 - Path: Assets/Imported_Aseests/TerrainSampleAssets/TerrainBrushes - Importer: ScriptedImporter/UnityEditor.QuickSearchModule:UnityEditor.Search:ASIAI0B
Importing 'GUID: 06d093db78f37314382766fde05acf29 - Path: Assets/Imported_Aseests/TerrainSampleAssets/TerrainBrushes - Importer: ScriptedImporter/UnityEditor.QuickSearchModule:UnityEditor.Search:ASIAI0B' with importer (ScriptedImporter : UnityEditor.QuickSearchModule:UnityEditor.Search:ASIAI0B)
Imported 'GUID: 06d093db78f37314382766fde05acf29' -> (Import Result ID: '283509d6e83b8b3e8998db8e27693e37') in 0.002 seconds [static and dynamic dependencies]. Details - ImportResultOutputID=4d5557d41acd7c066002d0e6f69c8cc5 DependenciesID=db6bf8682fdceb72307c5e8eda7504af StaticDependenciesID=0d9055fa34f53cced38fbefc98153f25 
Number of updated asset objects reloaded before import = 0
Number of asset objects unloaded after import = 1
========================================================================
Received Import Request.
  Time of request: 2026-09-30T11:08:12.832634Z
  Time since last request: 0.00069875 seconds.
  importAddress: GUID: dfa3b96612ed4df4a97b7fd06217ba23 - Path: Assets/Imported_Aseests/TerrainSampleAssets/ShaderGraphs/TerrainGrass.shadergraph - Importer: ScriptedImporter/UnityEditor.QuickSearchModule:UnityEditor.Search:ASIAI0B
Importing 'GUID: dfa3b96612ed4df4a97b7fd06217ba23 - Path: Assets/Imported_Aseests/TerrainSampleAssets/ShaderGraphs/TerrainGrass.shadergraph - Importer: ScriptedImporter/UnityEditor.QuickSearchModule:UnityEditor.Search:ASIAI0B' with importer (ScriptedImporter : UnityEditor.QuickSearchModule:UnityEditor.Search:ASIAI0B)
Imported 'GUID: dfa3b96612ed4df4a97b7fd06217ba23' -> (Import Result ID: 'd63036156c4df76d752fab8eca81da1b') in 0.175 seconds [static and dynamic dependencies]. Details - ImportResultOutputID=016ce87675f620be8c83a9adc4cf052f DependenciesID=54f0a2494b03e9eca318d923043b0541 StaticDependenciesID=ec098b46950f9fd35f10d6102a4a788f 
Number of updated asset objects reloaded before import = 0
Number of asset objects unloaded after import = 12
========================================================================
Received Import Request.
  Time of request: 2026-09-30T11:08:13.028136Z
  Time since last request: 0.000786167 seconds.
  importAddress: GUID: df5900f192ad71b4c9f0d3b57daadc1e - Path: Assets/Imported_Aseests/TerrainSampleAssets/TerrainBrushes/Terrainstamp_Hills01_Brush.brush - Importer: ScriptedImporter/UnityEditor.QuickSearchModule:UnityEditor.Search:ASIAI0B
Importing 'GUID: df5900f192ad71b4c9f0d3b57daadc1e - Path: Assets/Imported_Aseests/TerrainSampleAssets/TerrainBrushes/Terrainstamp_Hills01_Brush.brush - Importer: ScriptedImporter/UnityEditor.QuickSearchModule:UnityEditor.Search:ASIAI0B' with importer (ScriptedImporter : UnityEditor.QuickSearchModule:UnityEditor.Search:ASIAI0B)
Imported 'GUID: df5900f192ad71b4c9f0d3b57daadc1e' -> (Import Result ID: '6be46c11241a009d5ed89164a272b46f') in 0.010 seconds [static and dynamic dependencies]. Details - ImportResultOutputID=bcee8cf7ebb2fd91da56679e186059b1 DependenciesID=cf7eb82d5e5449b52a88a83731432ea9 StaticDependenciesID=331ecfc729fdfd96d34beb92f79663de 
Number of updated asset objects reloaded before import = 0
Number of asset objects unloaded after import = 2
========================================================================
Received Import Request.
  Time of request: 2026-09-30T11:08:13.056667Z
  Time since last request: 0.000515791 seconds.
  importAddress: GUID: e1ef57925b58e624bb0ddcc506f28e94 - Path: Assets/Imported_Aseests/TerrainSampleAssets/Textures/Details/Bush_A_Normal.tif - Importer: ScriptedImporter/UnityEditor.QuickSearchModule:UnityEditor.Search:ASIAI0B
Importing 'GUID: e1ef57925b58e624bb0ddcc506f28e94 - Path: Assets/Imported_Aseests/TerrainSampleAssets/Textures/Details/Bush_A_Normal.tif - Importer: ScriptedImporter/UnityEditor.QuickSearchModule:UnityEditor.Search:ASIAI0B' with importer (ScriptedImporter : UnityEditor.QuickSearchModule:UnityEditor.Search:ASIAI0B)
Imported 'GUID: e1ef57925b58e624bb0ddcc506f28e94' -> (Import Result ID: '2d0d88e10e2ceea9d614f8da6ebeb727') in 0.006 seconds [static and dynamic dependencies]. Details - ImportResultOutputID=a1358dbdfd413bdad60a508688e79b36 DependenciesID=208cc6b4df1ba256087c0f5f1c56c332 StaticDependenciesID=62b8727c3877aed44c5f3f276dfac72c 
Number of updated asset objects reloaded before import = 0
Number of asset objects unloaded after import = 1
========================================================================
Received Import Request.
  Time of request: 2026-09-30T11:08:13.082504Z
  Time since last request: 0.001735166 seconds.
  importAddress: GUID: 63c633526981fac49b5eb44c0212bf2f - Path: Assets/Imported_Aseests/TerrainSampleAssets/Textures/Heightmaps/Default_White.tif - Importer: ScriptedImporter/UnityEditor.QuickSearchModule:UnityEditor.Search:ASIAI0B
Importing 'GUID: 63c633526981fac49b5eb44c0212bf2f - Path: Assets/Imported_Aseests/TerrainSampleAssets/Textures/Heightmaps/Default_White.tif - Importer: ScriptedImporter/UnityEditor.QuickSearchModule:UnityEditor.Search:ASIAI0B' with importer (ScriptedImporter : UnityEditor.QuickSearchModule:UnityEditor.Search:ASIAI0B)
Imported 'GUID: 63c633526981fac49b5eb44c0212bf2f' -> (Import Result ID: '2019af61fdf2fdea06fba9a84dd6f454') in 0.006 seconds [static and dynamic dependencies]. Details - ImportResultOutputID=365ee0804c29689edef81adf28224fd0 DependenciesID=3823f5ded355a597e0279c2d8dcd77ef StaticDependenciesID=570239d4193b4c3da026d0c2a70cb745 
Number of updated asset objects reloaded before import = 0
Number of asset objects unloaded after import = 1
========================================================================
Received Import Request.
  Time of request: 2026-09-30T11:08:13.108781Z
  Time since last request: 0.001595208 seconds.
  importAddress: GUID: a4f9b0b21cfa10140b76854ccb395dcf - Path: Assets/Imported_Aseests/TerrainSampleAssets/Settings/FoliageDiffusionProfile.asset - Importer: ScriptedImporter/UnityEditor.QuickSearchModule:UnityEditor.Search:ASIAI0B
Importing 'GUID: a4f9b0b21cfa10140b76854ccb395dcf - Path: Assets/Imported_Aseests/TerrainSampleAssets/Settings/FoliageDiffusionProfile.asset - Importer: ScriptedImporter/UnityEditor.QuickSearchModule:UnityEditor.Search:ASIAI0B' with importer (ScriptedImporter : UnityEditor.QuickSearchModule:UnityEditor.Search:ASIAI0B)
Imported 'GUID: a4f9b0b21cfa10140b76854ccb395dcf' -> (Import Result ID: '7806353fd88c92f83a60af48d4505cfb') in 0.007 seconds [static and dynamic dependencies]. Details - ImportResultOutputID=8752467e11f742074bb3af6f6caf0b57 DependenciesID=585b5723a9922f2fbb162532322c1c0d StaticDependenciesID=c7c586267f988b2ef94d0526b6a45150 
Number of updated asset objects reloaded before import = 0
Number of asset objects unloaded after import = 1
========================================================================
Received Import Request.
  Time of request: 2026-09-30T11:08:13.134848Z
  Time since last request: 0.00093975 seconds.
  importAddress: GUID: 240efe9002d9e7a44b9f2a592f357102 - Path: Assets/Imported_Aseests/TerrainSampleAssets/Textures/Terrain/Heather_MaskMap.tif - Importer: ScriptedImporter/UnityEditor.QuickSearchModule:UnityEditor.Search:ASIAI0B
Importing 'GUID: 240efe9002d9e7a44b9f2a592f357102 - Path: Assets/Imported_Aseests/TerrainSampleAssets/Textures/Terrain/Heather_MaskMap.tif - Importer: ScriptedImporter/UnityEditor.QuickSearchModule:UnityEditor.Search:ASIAI0B' with importer (ScriptedImporter : UnityEditor.QuickSearchModule:UnityEditor.Search:ASIAI0B)
Imported 'GUID: 240efe9002d9e7a44b9f2a592f357102' -> (Import Result ID: '19ca9a212284848df5d8662a13974eec') in 0.007 seconds [static and dynamic dependencies]. Details - ImportResultOutputID=a2f707b7e92989a43c119f79075e6760 DependenciesID=b9178bf1f28192a10d3a38f2d5ef28ec StaticDependenciesID=df6a5b30dbd9e7730edce12099ec51e1 
Number of updated asset objects reloaded before import = 0
Number of asset objects unloaded after import = 1
========================================================================
Received Import Request.
  Time of request: 2026-09-30T11:08:13.16096Z
  Time since last request: 0.000696875 seconds.
  importAddress: GUID: 7fce2600db05ae54ea39d9e5681232cc - Path: Assets/Imported_Aseests/TerrainSampleAssets/Textures/Heightmaps/Plateau02_Heightmap.tif - Importer: ScriptedImporter/UnityEditor.QuickSearchModule:UnityEditor.Search:ASIAI0B
Importing 'GUID: 7fce2600db05ae54ea39d9e5681232cc - Path: Assets/Imported_Aseests/TerrainSampleAssets/Textures/Heightmaps/Plateau02_Heightmap.tif - Importer: ScriptedImporter/UnityEditor.QuickSearchModule:UnityEditor.Search:ASIAI0B' with importer (ScriptedImporter : UnityEditor.QuickSearchModule:UnityEditor.Search:ASIAI0B)
Imported 'GUID: 7fce2600db05ae54ea39d9e5681232cc' -> (Import Result ID: 'b689bb5770f28b8908287e0b216066f1') in 0.006 seconds [static and dynamic dependencies]. Details - ImportResultOutputID=8f42ff728500278098b8b9ac5c05d560 DependenciesID=c58974cc3717c3dc61fd8852ca4e20af StaticDependenciesID=50b72b1943bf8d04368022de7d3a73f3 
Number of updated asset objects reloaded before import = 0
Number of asset objects unloaded after import = 1
========================================================================
Received Import Request.
  Time of request: 2026-09-30T11:08:13.186404Z
  Time since last request: 0.000767 seconds.
  importAddress: GUID: 6cfb129191988d84eafe31848415a233 - Path: Assets/Imported_Aseests/TerrainSampleAssets/Textures/Heightmaps/Mountain01_Heightmap.tif - Importer: ScriptedImporter/UnityEditor.QuickSearchModule:UnityEditor.Search:ASIAI0B
Importing 'GUID: 6cfb129191988d84eafe31848415a233 - Path: Assets/Imported_Aseests/TerrainSampleAssets/Textures/Heightmaps/Mountain01_Heightmap.tif - Importer: ScriptedImporter/UnityEditor.QuickSearchModule:UnityEditor.Search:ASIAI0B' with importer (ScriptedImporter : UnityEditor.QuickSearchModule:UnityEditor.Search:ASIAI0B)
Imported 'GUID: 6cfb129191988d84eafe31848415a233' -> (Import Result ID: '6fc384c6e7e183c3d2736632d91adacb') in 0.010 seconds [static and dynamic dependencies]. Details - ImportResultOutputID=82b65dbd179173973ef05687a2f35f15 DependenciesID=e3a90eccacd82f7b5d2ece5b94770122 StaticDependenciesID=f4b3e68ae2abf8946d9040e76e9ccf1b 
Number of updated asset objects reloaded before import = 0
Number of asset objects unloaded after import = 1
========================================================================
Received Import Request.
  Time of request: 2026-09-30T11:08:13.215173Z
  Time since last request: 0.001024958 seconds.
  importAddress: GUID: 0942f310de78e664aaaca6d7d276cb61 - Path: Assets/Imported_Aseests/TerrainSampleAssets/Textures/Details/Heather_A_Thickness.tif - Importer: ScriptedImporter/UnityEditor.QuickSearchModule:UnityEditor.Search:ASIAI0B
Importing 'GUID: 0942f310de78e664aaaca6d7d276cb61 - Path: Assets/Imported_Aseests/TerrainSampleAssets/Textures/Details/Heather_A_Thickness.tif - Importer: ScriptedImporter/UnityEditor.QuickSearchModule:UnityEditor.Search:ASIAI0B' with importer (ScriptedImporter : UnityEditor.QuickSearchModule:UnityEditor.Search:ASIAI0B)
Imported 'GUID: 0942f310de78e664aaaca6d7d276cb61' -> (Import Result ID: 'd9521ff38058d6eb1ff8b12f644ef7f0') in 0.005 seconds [static and dynamic dependencies]. Details - ImportResultOutputID=63f352f4552e12379d2abd0be64b78e5 DependenciesID=326f1656877c43a71025e97f28e8311e StaticDependenciesID=e7ebe87ce4be28aabf08750e108fb1f3 
Number of updated asset objects reloaded before import = 0
Number of asset objects unloaded after import = 1
========================================================================
Received Import Request.
  Time of request: 2026-09-30T11:08:13.239175Z
  Time since last request: 0.000658792 seconds.
  importAddress: GUID: 255522b0d4257624f93e110d4a6135ed - Path: Assets/Imported_Aseests/TerrainSampleAssets/Models/Grass_B.asset - Importer: ScriptedImporter/UnityEditor.QuickSearchModule:UnityEditor.Search:ASIAI0B
Importing 'GUID: 255522b0d4257624f93e110d4a6135ed - Path: Assets/Imported_Aseests/TerrainSampleAssets/Models/Grass_B.asset - Importer: ScriptedImporter/UnityEditor.QuickSearchModule:UnityEditor.Search:ASIAI0B' with importer (ScriptedImporter : UnityEditor.QuickSearchModule:UnityEditor.Search:ASIAI0B)
Imported 'GUID: 255522b0d4257624f93e110d4a6135ed' -> (Import Result ID: '4f9f430c7169a0b19b14b6578056e8f7') in 0.005 seconds [static and dynamic dependencies]. Details - ImportResultOutputID=031e065ae8fa5bc1883b57967c33a932 DependenciesID=3824bacb064f3d3e8f9989942476f6dd StaticDependenciesID=fcd394e6b5810a494b6e27ca0488e40f 
Number of updated asset objects reloaded before import = 0
Number of asset objects unloaded after import = 1
========================================================================
Received Import Request.
  Time of request: 2026-09-30T11:08:13.262788Z
  Time since last request: 0.000743042 seconds.
  importAddress: GUID: c0128420d5302954b97619d21b50d2b3 - Path: Assets/Imported_Aseests/TerrainSampleAssets/ShaderGraphs/CustomFunctions - Importer: ScriptedImporter/UnityEditor.QuickSearchModule:UnityEditor.Search:ASIAI0B
Importing 'GUID: c0128420d5302954b97619d21b50d2b3 - Path: Assets/Imported_Aseests/TerrainSampleAssets/ShaderGraphs/CustomFunctions - Importer: ScriptedImporter/UnityEditor.QuickSearchModule:UnityEditor.Search:ASIAI0B' with importer (ScriptedImporter : UnityEditor.QuickSearchModule:UnityEditor.Search:ASIAI0B)
Imported 'GUID: c0128420d5302954b97619d21b50d2b3' -> (Import Result ID: '602317a1708140ade8b8ae8c3731a6d1') in 0.002 seconds [static and dynamic dependencies]. Details - ImportResultOutputID=3f96e2d928b97ac389e4792d544c8fc6 DependenciesID=09f89e0bb22da3e5d9ab69c88e47d057 StaticDependenciesID=16d89fddf29c35fa2f88d97fd7da794e 
Number of updated asset objects reloaded before import = 0
Number of asset objects unloaded after import = 1
========================================================================
Received Import Request.
  Time of request: 2026-09-30T11:08:13.282724Z
  Time since last request: 0.000880125 seconds.
  importAddress: GUID: 96d928f51cac350499225a93778e20cf - Path: Assets/Imported_Aseests/TerrainSampleAssets/Prefabs - Importer: ScriptedImporter/UnityEditor.QuickSearchModule:UnityEditor.Search:ASIAI0B
Importing 'GUID: 96d928f51cac350499225a93778e20cf - Path: Assets/Imported_Aseests/TerrainSampleAssets/Prefabs - Importer: ScriptedImporter/UnityEditor.QuickSearchModule:UnityEditor.Search:ASIAI0B' with importer (ScriptedImporter : UnityEditor.QuickSearchModule:UnityEditor.Search:ASIAI0B)
Imported 'GUID: 96d928f51cac350499225a93778e20cf' -> (Import Result ID: '8badf81e66859febc1bf866328fa31c6') in 0.002 seconds [static and dynamic dependencies]. Details - ImportResultOutputID=f08760519c213b6088fca511c3ee52f4 DependenciesID=a590a5660e0df4c9f5f5c5d3cf3bd6a3 StaticDependenciesID=92d2d4dc3ce4b4771af03c58a2fe0145 
Number of updated asset objects reloaded before import = 0
Number of asset objects unloaded after import = 1
========================================================================
Received Import Request.
  Time of request: 2026-09-30T11:08:13.303213Z
  Time since last request: 0.000601083 seconds.
  importAddress: GUID: 7e6fff2112f33d748962082012d11cce - Path: Assets/Imported_Aseests/TerrainSampleAssets/Textures/Terrain/Grass_Dry_BaseColor.tif - Importer: ScriptedImporter/UnityEditor.QuickSearchModule:UnityEditor.Search:ASIAI0B
Importing 'GUID: 7e6fff2112f33d748962082012d11cce - Path: Assets/Imported_Aseests/TerrainSampleAssets/Textures/Terrain/Grass_Dry_BaseColor.tif - Importer: ScriptedImporter/UnityEditor.QuickSearchModule:UnityEditor.Search:ASIAI0B' with importer (ScriptedImporter : UnityEditor.QuickSearchModule:UnityEditor.Search:ASIAI0B)
Imported 'GUID: 7e6fff2112f33d748962082012d11cce' -> (Import Result ID: '266f3cfeccb6d5a55a769e6b4004dcda') in 0.007 seconds [static and dynamic dependencies]. Details - ImportResultOutputID=0d4ccab3836c3027ad0b82752ad37b8d DependenciesID=98e847217ad34d2ad469aca39e4bfd32 StaticDependenciesID=4c1512046bbd74d7367476f54d1660bd 
Number of updated asset objects reloaded before import = 0
Number of asset objects unloaded after import = 1
========================================================================
Received Import Request.
  Time of request: 2026-09-30T11:08:13.328909Z
  Time since last request: 0.000288959 seconds.
  importAddress: GUID: 311fa94216ea77342a20e99b01ed6e69 - Path: Assets/Imported_Aseests/TerrainSampleAssets/Textures/Terrain/Muddy_BaseColor.tif - Importer: ScriptedImporter/UnityEditor.QuickSearchModule:UnityEditor.Search:ASIAI0B
Importing 'GUID: 311fa94216ea77342a20e99b01ed6e69 - Path: Assets/Imported_Aseests/TerrainSampleAssets/Textures/Terrain/Muddy_BaseColor.tif - Importer: ScriptedImporter/UnityEditor.QuickSearchModule:UnityEditor.Search:ASIAI0B' with importer (ScriptedImporter : UnityEditor.QuickSearchModule:UnityEditor.Search:ASIAI0B)
Imported 'GUID: 311fa94216ea77342a20e99b01ed6e69' -> (Import Result ID: '7eb171088f8b27392d72329035a5e34e') in 0.011 seconds [static and dynamic dependencies]. Details - ImportResultOutputID=a40d30cb15d5cc7ca798ead3846187c4 DependenciesID=6660d3f706ffec072774e2ce69e6ae7c StaticDependenciesID=525e4caae7b31a3fe1a93324eea5a991 
Number of updated asset objects reloaded before import = 0
Number of asset objects unloaded after import = 1
========================================================================
Received Import Request.
  Time of request: 2026-09-30T11:08:13.360459Z
  Time since last request: 0.001848083 seconds.
  importAddress: GUID: ed20753031b819c4395a80066949f767 - Path: Assets/Imported_Aseests/TerrainSampleAssets/TerrainLayers - Importer: ScriptedImporter/UnityEditor.QuickSearchModule:UnityEditor.Search:ASIAI0B
Importing 'GUID: ed20753031b819c4395a80066949f767 - Path: Assets/Imported_Aseests/TerrainSampleAssets/TerrainLayers - Importer: ScriptedImporter/UnityEditor.QuickSearchModule:UnityEditor.Search:ASIAI0B' with importer (ScriptedImporter : UnityEditor.QuickSearchModule:UnityEditor.Search:ASIAI0B)
Imported 'GUID: ed20753031b819c4395a80066949f767' -> (Import Result ID: 'a7a239cadb6dbbab321c69ed0a97d1c3') in 0.002 seconds [static and dynamic dependencies]. Details - ImportResultOutputID=12249b22e0d1344d137bf42db8fbc800 DependenciesID=222fd52656bf2a85d07fce1506c23c0e StaticDependenciesID=a1f7b00ca29926436cf64075e2d3a525 
Number of updated asset objects reloaded before import = 0
Number of asset objects unloaded after import = 1
========================================================================
Received Import Request.
  Time of request: 2026-09-30T11:08:13.382065Z
  Time since last request: 0.002071 seconds.
  importAddress: GUID: 9a249c33299836d45ae597069d9324e2 - Path: Assets/Imported_Aseests/TerrainSampleAssets/Models/GrassDry_C.asset - Importer: ScriptedImporter/UnityEditor.QuickSearchModule:UnityEditor.Search:ASIAI0B
Importing 'GUID: 9a249c33299836d45ae597069d9324e2 - Path: Assets/Imported_Aseests/TerrainSampleAssets/Models/GrassDry_C.asset - Importer: ScriptedImporter/UnityEditor.QuickSearchModule:UnityEditor.Search:ASIAI0B' with importer (ScriptedImporter : UnityEditor.QuickSearchModule:UnityEditor.Search:ASIAI0B)
Imported 'GUID: 9a249c33299836d45ae597069d9324e2' -> (Import Result ID: '042904c5c7e8356c6707014bfcd40a6a') in 0.003 seconds [static and dynamic dependencies]. Details - ImportResultOutputID=a8d1ab9436011db5027431cec8865458 DependenciesID=a0c29508fd7401962a4773d3f5671ba9 StaticDependenciesID=8fe0cf37e6fdd40b95ce0b9d3bd3a983 
Number of updated asset objects reloaded before import = 0
Number of asset objects unloaded after import = 1
========================================================================
Received Import Request.
  Time of request: 2026-09-30T11:08:13.403559Z
  Time since last request: 0.000550833 seconds.
  importAddress: GUID: 4dfd50a1f648e984f8188be70774f281 - Path: Assets/Imported_Aseests/TerrainSampleAssets/Prefabs/Grass_D.prefab - Importer: ScriptedImporter/UnityEditor.QuickSearchModule:UnityEditor.Search:ASIAI0B
Importing 'GUID: 4dfd50a1f648e984f8188be70774f281 - Path: Assets/Imported_Aseests/TerrainSampleAssets/Prefabs/Grass_D.prefab - Importer: ScriptedImporter/UnityEditor.QuickSearchModule:UnityEditor.Search:ASIAI0B' with importer (ScriptedImporter : UnityEditor.QuickSearchModule:UnityEditor.Search:ASIAI0B)
Imported 'GUID: 4dfd50a1f648e984f8188be70774f281' -> (Import Result ID: 'a300955c2efa468eae5daf726b930510') in 0.009 seconds [static and dynamic dependencies]. Details - ImportResultOutputID=0d23a965329c6753e19bf5e6fcb1f8d0 DependenciesID=2cd8e71e0d5551a144b0d6e86bcc160a StaticDependenciesID=91c04bd1c0ffadf55cfb50cf027fd4be 
Number of updated asset objects reloaded before import = 0
Number of asset objects unloaded after import = 9
========================================================================
Received Import Request.
  Time of request: 2026-09-30T11:08:13.431433Z
  Time since last request: 0.00045875 seconds.
  importAddress: GUID: 00e07f21ff32c094ea64f6753fb3b542 - Path: Assets/Imported_Aseests/TerrainSampleAssets/Textures/Heightmaps/Canyon03_Heightmap.tif - Importer: ScriptedImporter/UnityEditor.QuickSearchModule:UnityEditor.Search:ASIAI0B
Importing 'GUID: 00e07f21ff32c094ea64f6753fb3b542 - Path: Assets/Imported_Aseests/TerrainSampleAssets/Textures/Heightmaps/Canyon03_Heightmap.tif - Importer: ScriptedImporter/UnityEditor.QuickSearchModule:UnityEditor.Search:ASIAI0B' with importer (ScriptedImporter : UnityEditor.QuickSearchModule:UnityEditor.Search:ASIAI0B)
Imported 'GUID: 00e07f21ff32c094ea64f6753fb3b542' -> (Import Result ID: 'cd98274cf86d4c91b6f33570a59bc697') in 0.006 seconds [static and dynamic dependencies]. Details - ImportResultOutputID=4adb155a30f6e78771d601844919faa8 DependenciesID=b0ae0d10ec11beb24b37fc7b2ed624f8 StaticDependenciesID=6467e0766c695608f7f7da7a567346b5 
Number of updated asset objects reloaded before import = 0
Number of asset objects unloaded after import = 1
========================================================================
Received Import Request.
  Time of request: 2026-09-30T11:08:13.455513Z
  Time since last request: 0.000386916 seconds.
  importAddress: GUID: 8d909223d66b7cd4d9719d37ee403dff - Path: Assets/Imported_Aseests/TerrainSampleAssets/Textures/Heightmaps/Errosion02_Heightmap.tif - Importer: ScriptedImporter/UnityEditor.QuickSearchModule:UnityEditor.Search:ASIAI0B
Importing 'GUID: 8d909223d66b7cd4d9719d37ee403dff - Path: Assets/Imported_Aseests/TerrainSampleAssets/Textures/Heightmaps/Errosion02_Heightmap.tif - Importer: ScriptedImporter/UnityEditor.QuickSearchModule:UnityEditor.Search:ASIAI0B' with importer (ScriptedImporter : UnityEditor.QuickSearchModule:UnityEditor.Search:ASIAI0B)
Imported 'GUID: 8d909223d66b7cd4d9719d37ee403dff' -> (Import Result ID: '8d0a0d35c2ded33f2e1a6323aa2a93e6') in 0.012 seconds [static and dynamic dependencies]. Details - ImportResultOutputID=cdd4fc27f91de5004a28ce80d55289f9 DependenciesID=dc8ebcad1dfb9eb01b38c1e5d565eaf8 StaticDependenciesID=d46966b556c8b0857332eebfea9ad8a2 
Number of updated asset objects reloaded before import = 0
Number of asset objects unloaded after import = 1
========================================================================
Received Import Request.
  Time of request: 2026-09-30T11:08:13.485947Z
  Time since last request: 0.0008225 seconds.
  importAddress: GUID: 387141d2bd04a10459d9a306ca45434f - Path: Assets/Imported_Aseests/TerrainSampleAssets/TerrainBrushes/Terrainstamp_Plateau03_Brush.brush - Importer: ScriptedImporter/UnityEditor.QuickSearchModule:UnityEditor.Search:ASIAI0B
Importing 'GUID: 387141d2bd04a10459d9a306ca45434f - Path: Assets/Imported_Aseests/TerrainSampleAssets/TerrainBrushes/Terrainstamp_Plateau03_Brush.brush - Importer: ScriptedImporter/UnityEditor.QuickSearchModule:UnityEditor.Search:ASIAI0B' with importer (ScriptedImporter : UnityEditor.QuickSearchModule:UnityEditor.Search:ASIAI0B)
Imported 'GUID: 387141d2bd04a10459d9a306ca45434f' -> (Import Result ID: '95d62a5f4724f5ac3c7a1b48f9010de7') in 0.006 seconds [static and dynamic dependencies]. Details - ImportResultOutputID=47458754ffac250a79472a5669738aad DependenciesID=0f108afc5dc902d34b5b93b4a8fcd7b9 StaticDependenciesID=fbd8a9fb2ef49bf884e12112b588043b 
Number of updated asset objects reloaded before import = 0
Number of asset objects unloaded after import = 2
========================================================================
Received Import Request.
  Time of request: 2026-09-30T11:08:13.513439Z
  Time since last request: 0.00060425 seconds.
  importAddress: GUID: bd4c61d030690814097a2076498d1c75 - Path: Assets/Imported_Aseests/TerrainSampleAssets/Textures/Terrain/Grass_A_MaskMap.tif - Importer: ScriptedImporter/UnityEditor.QuickSearchModule:UnityEditor.Search:ASIAI0B
Importing 'GUID: bd4c61d030690814097a2076498d1c75 - Path: Assets/Imported_Aseests/TerrainSampleAssets/Textures/Terrain/Grass_A_MaskMap.tif - Importer: ScriptedImporter/UnityEditor.QuickSearchModule:UnityEditor.Search:ASIAI0B' with importer (ScriptedImporter : UnityEditor.QuickSearchModule:UnityEditor.Search:ASIAI0B)
Imported 'GUID: bd4c61d030690814097a2076498d1c75' -> (Import Result ID: 'cf9d770ca26068fbcf723dfde0158b0b') in 0.013 seconds [static and dynamic dependencies]. Details - ImportResultOutputID=6070c164a77cb3825502896742d3df54 DependenciesID=1452263a6b0d4a413d5babc85e16d1c2 StaticDependenciesID=8602052394450d8e5d00dfb235ecedbb 
Number of updated asset objects reloaded before import = 0
Number of asset objects unloaded after import = 1
========================================================================
Received Import Request.
  Time of request: 2026-09-30T11:08:13.549686Z
  Time since last request: 0.001190458 seconds.
  importAddress: GUID: 282e12329d9099343890f875c1429e1a - Path: Assets/Imported_Aseests/TerrainSampleAssets/Textures/Heightmaps/Slope03_Heightmap.tiff - Importer: ScriptedImporter/UnityEditor.QuickSearchModule:UnityEditor.Search:ASIAI0B
Importing 'GUID: 282e12329d9099343890f875c1429e1a - Path: Assets/Imported_Aseests/TerrainSampleAssets/Textures/Heightmaps/Slope03_Heightmap.tiff - Importer: ScriptedImporter/UnityEditor.QuickSearchModule:UnityEditor.Search:ASIAI0B' with importer (ScriptedImporter : UnityEditor.QuickSearchModule:UnityEditor.Search:ASIAI0B)
Imported 'GUID: 282e12329d9099343890f875c1429e1a' -> (Import Result ID: 'f1a0ec949cf8246f94cade31e963fdd3') in 0.011 seconds [static and dynamic dependencies]. Details - ImportResultOutputID=b0688a8a225673c657f38f4d7ce8159d DependenciesID=ba159bfa74e5b10b573df4145137ef10 StaticDependenciesID=74647fe1a8a88de1feae5dfa7403034d 
Number of updated asset objects reloaded before import = 0
Number of asset objects unloaded after import = 1
========================================================================
Received Import Request.
  Time of request: 2026-09-30T11:08:13.640082Z
  Time since last request: 0.061215291 seconds.
  importAddress: GUID: d1685375fd84e62439c572449faa4657 - Path: Assets/Imported_Aseests/TerrainSampleAssets/TerrainLayers/Pebbles_B_TerrainLayer.terrainlayer - Importer: ScriptedImporter/UnityEditor.QuickSearchModule:UnityEditor.Search:ASIAI0B
Importing 'GUID: d1685375fd84e62439c572449faa4657 - Path: Assets/Imported_Aseests/TerrainSampleAssets/TerrainLayers/Pebbles_B_TerrainLayer.terrainlayer - Importer: ScriptedImporter/UnityEditor.QuickSearchModule:UnityEditor.Search:ASIAI0B' with importer (ScriptedImporter : UnityEditor.QuickSearchModule:UnityEditor.Search:ASIAI0B)
Imported 'GUID: d1685375fd84e62439c572449faa4657' -> (Import Result ID: 'd2208ae7748f0b4dfc0c63a8235cff4e') in 0.015 seconds [static and dynamic dependencies]. Details - ImportResultOutputID=3039c64e2ea46e32a8ee245d58361fa8 DependenciesID=4eb50be819fe37f0765247f67c35664e StaticDependenciesID=399a17acb97f73c037f231a4e0278b34 
Number of updated asset objects reloaded before import = 0
Number of asset objects unloaded after import = 4
========================================================================
Received Import Request.
  Time of request: 2026-09-30T11:08:13.679555Z
  Time since last request: 0.000713458 seconds.
  importAddress: GUID: 913af1c64ea139348925340c09459a50 - Path: Assets/Imported_Aseests/TerrainSampleAssets/TerrainBrushes/Terrainstamp_Ridge04_Brush.brush - Importer: ScriptedImporter/UnityEditor.QuickSearchModule:UnityEditor.Search:ASIAI0B
Importing 'GUID: 913af1c64ea139348925340c09459a50 - Path: Assets/Imported_Aseests/TerrainSampleAssets/TerrainBrushes/Terrainstamp_Ridge04_Brush.brush - Importer: ScriptedImporter/UnityEditor.QuickSearchModule:UnityEditor.Search:ASIAI0B' with importer (ScriptedImporter : UnityEditor.QuickSearchModule:UnityEditor.Search:ASIAI0B)
Imported 'GUID: 913af1c64ea139348925340c09459a50' -> (Import Result ID: '60d1f3e3c5ae6380345ee47c80fb053d') in 0.008 seconds [static and dynamic dependencies]. Details - ImportResultOutputID=d83c8ea37127e253fa02781b06957060 DependenciesID=2f3124ec4fa372e3d48982704cd7253d StaticDependenciesID=28fbd9de8818625d08cb13e8f588cb0e 
Number of updated asset objects reloaded before import = 0
Number of asset objects unloaded after import = 2
========================================================================
Received Import Request.
  Time of request: 2026-09-30T11:08:13.707845Z
  Time since last request: 0.000698666 seconds.
  importAddress: GUID: 4fe4d3241d435594b82a72af96e4052d - Path: Assets/Imported_Aseests/TerrainSampleAssets/Textures/Heightmaps/Canyon02_Heightmap.tif - Importer: ScriptedImporter/UnityEditor.QuickSearchModule:UnityEditor.Search:ASIAI0B
Importing 'GUID: 4fe4d3241d435594b82a72af96e4052d - Path: Assets/Imported_Aseests/TerrainSampleAssets/Textures/Heightmaps/Canyon02_Heightmap.tif - Importer: ScriptedImporter/UnityEditor.QuickSearchModule:UnityEditor.Search:ASIAI0B' with importer (ScriptedImporter : UnityEditor.QuickSearchModule:UnityEditor.Search:ASIAI0B)
Imported 'GUID: 4fe4d3241d435594b82a72af96e4052d' -> (Import Result ID: '7e39a6ff7a335ceace5e68594b882a4c') in 0.006 seconds [static and dynamic dependencies]. Details - ImportResultOutputID=ef505d326b2e7c01d879ac8a62760e37 DependenciesID=84b9bb4d1eb67c321d09da6a8871fd1d StaticDependenciesID=5acf72e971c2adb68182bced282d63a2 
Number of updated asset objects reloaded before import = 0
Number of asset objects unloaded after import = 1
========================================================================
Received Import Request.
  Time of request: 2026-09-30T11:08:13.733442Z
  Time since last request: 0.000518083 seconds.
  importAddress: GUID: b1c590e575d73224eb6773fd8c1cbb64 - Path: Assets/Imported_Aseests/TerrainSampleAssets/Textures/Terrain/Soil_Rocks_MaskMap.tif - Importer: ScriptedImporter/UnityEditor.QuickSearchModule:UnityEditor.Search:ASIAI0B
Importing 'GUID: b1c590e575d73224eb6773fd8c1cbb64 - Path: Assets/Imported_Aseests/TerrainSampleAssets/Textures/Terrain/Soil_Rocks_MaskMap.tif - Importer: ScriptedImporter/UnityEditor.QuickSearchModule:UnityEditor.Search:ASIAI0B' with importer (ScriptedImporter : UnityEditor.QuickSearchModule:UnityEditor.Search:ASIAI0B)
Imported 'GUID: b1c590e575d73224eb6773fd8c1cbb64' -> (Import Result ID: 'f3b555f0b024aaf3c46067dc6db17655') in 0.011 seconds [static and dynamic dependencies]. Details - ImportResultOutputID=a71315e76f565e0e90d5de50a7c9c455 DependenciesID=21c9938104a401707def125c555c0828 StaticDependenciesID=c84d3f41eaac48e14f504bfd65c26061 
Number of updated asset objects reloaded before import = 0
Number of asset objects unloaded after import = 1
========================================================================
Received Import Request.
  Time of request: 2026-09-30T11:08:13.76436Z
  Time since last request: 0.000513417 seconds.
  importAddress: GUID: 8aa8def6286fc784ba128570ec475974 - Path: Assets/Imported_Aseests/TerrainSampleAssets/Prefabs/GrassDry_C.prefab - Importer: ScriptedImporter/UnityEditor.QuickSearchModule:UnityEditor.Search:ASIAI0B
Importing 'GUID: 8aa8def6286fc784ba128570ec475974 - Path: Assets/Imported_Aseests/TerrainSampleAssets/Prefabs/GrassDry_C.prefab - Importer: ScriptedImporter/UnityEditor.QuickSearchModule:UnityEditor.Search:ASIAI0B' with importer (ScriptedImporter : UnityEditor.QuickSearchModule:UnityEditor.Search:ASIAI0B)
Imported 'GUID: 8aa8def6286fc784ba128570ec475974' -> (Import Result ID: '4a780c5f031e7c7a5301def17a23e3c4') in 0.008 seconds [static and dynamic dependencies]. Details - ImportResultOutputID=870d890b5978252b6ddf0b8b75ada316 DependenciesID=70ecf594c44f67f16a7d912c1589a885 StaticDependenciesID=4e7d7d44165b632d0a11b30199ed9f72 
Number of updated asset objects reloaded before import = 0
Number of asset objects unloaded after import = 9
========================================================================
Received Import Request.
  Time of request: 2026-09-30T11:08:13.791104Z
  Time since last request: 0.00102475 seconds.
  importAddress: GUID: 9159bc656b82f2b4b80e93118991ddc7 - Path: Assets/Imported_Aseests/TerrainSampleAssets/TerrainBrushes/Terrainstamp_Mountain09_Brush.brush - Importer: ScriptedImporter/UnityEditor.QuickSearchModule:UnityEditor.Search:ASIAI0B
Importing 'GUID: 9159bc656b82f2b4b80e93118991ddc7 - Path: Assets/Imported_Aseests/TerrainSampleAssets/TerrainBrushes/Terrainstamp_Mountain09_Brush.brush - Importer: ScriptedImporter/UnityEditor.QuickSearchModule:UnityEditor.Search:ASIAI0B' with importer (ScriptedImporter : UnityEditor.QuickSearchModule:UnityEditor.Search:ASIAI0B)
Imported 'GUID: 9159bc656b82f2b4b80e93118991ddc7' -> (Import Result ID: '30fcde4044dc97435fffdc392064bc11') in 0.005 seconds [static and dynamic dependencies]. Details - ImportResultOutputID=adf6a0a9b245515ba43ded33d4e46c9e DependenciesID=2dd25c9f8cbf0dfb07ab305fcb0552dc StaticDependenciesID=5ece26549512a9711ea7df3542c4e4a5 
Number of updated asset objects reloaded before import = 0
Number of asset objects unloaded after import = 2
========================================================================
Received Import Request.
  Time of request: 2026-09-30T11:08:13.814648Z
  Time since last request: 0.000508875 seconds.
  importAddress: GUID: 31fa38c326a958b4c85964d5d54981a0 - Path: Assets/Imported_Aseests/TerrainSampleAssets/ShaderGraphs/Subgraphs/PipelineSwitch.shadersubgraph - Importer: ScriptedImporter/UnityEditor.QuickSearchModule:UnityEditor.Search:ASIAI0B
Importing 'GUID: 31fa38c326a958b4c85964d5d54981a0 - Path: Assets/Imported_Aseests/TerrainSampleAssets/ShaderGraphs/Subgraphs/PipelineSwitch.shadersubgraph - Importer: ScriptedImporter/UnityEditor.QuickSearchModule:UnityEditor.Search:ASIAI0B' with importer (ScriptedImporter : UnityEditor.QuickSearchModule:UnityEditor.Search:ASIAI0B)
Imported 'GUID: 31fa38c326a958b4c85964d5d54981a0' -> (Import Result ID: '9e3853daefa23ab80b231046c5c06c16') in 0.003 seconds [static and dynamic dependencies]. Details - ImportResultOutputID=cd9812163466aab6bb0837abc9f6e8a8 DependenciesID=67fe627fa31bea5477ad71850472757a StaticDependenciesID=a15a121e67eed09eaf110475ebae3b14 
Number of updated asset objects reloaded before import = 0
Number of asset objects unloaded after import = 1
========================================================================
Received Import Request.
  Time of request: 2026-09-30T11:08:13.84011Z
  Time since last request: 0.003394459 seconds.
  importAddress: GUID: 3673edd4bef6add4aaf606245092507c - Path: Assets/Imported_Aseests/TerrainSampleAssets/Settings/HeightmapTexture.preset - Importer: ScriptedImporter/UnityEditor.QuickSearchModule:UnityEditor.Search:ASIAI0B
Importing 'GUID: 3673edd4bef6add4aaf606245092507c - Path: Assets/Imported_Aseests/TerrainSampleAssets/Settings/HeightmapTexture.preset - Importer: ScriptedImporter/UnityEditor.QuickSearchModule:UnityEditor.Search:ASIAI0B' with importer (ScriptedImporter : UnityEditor.QuickSearchModule:UnityEditor.Search:ASIAI0B)
Imported 'GUID: 3673edd4bef6add4aaf606245092507c' -> (Import Result ID: 'b4cedf82765debb858375b3ba3a33abe') in 0.012 seconds [static and dynamic dependencies]. Details - ImportResultOutputID=280371e21f67e9916d85f373c09504e8 DependenciesID=b36d00a926c40123857f205eb24bed74 StaticDependenciesID=1203c861cb89acaa5b6a8c30abada240 
Number of updated asset objects reloaded before import = 0
Number of asset objects unloaded after import = 1
========================================================================
Received Import Request.
  Time of request: 2026-09-30T11:08:13.871655Z
  Time since last request: 0.000702791 seconds.
  importAddress: GUID: bb325d04c0ca0dd4a85a78892caa83fc - Path: Assets/Imported_Aseests/TerrainSampleAssets/TerrainBrushes/Terrainstamp_Plateau01_Brush.brush - Importer: ScriptedImporter/UnityEditor.QuickSearchModule:UnityEditor.Search:ASIAI0B
Importing 'GUID: bb325d04c0ca0dd4a85a78892caa83fc - Path: Assets/Imported_Aseests/TerrainSampleAssets/TerrainBrushes/Terrainstamp_Plateau01_Brush.brush - Importer: ScriptedImporter/UnityEditor.QuickSearchModule:UnityEditor.Search:ASIAI0B' with importer (ScriptedImporter : UnityEditor.QuickSearchModule:UnityEditor.Search:ASIAI0B)
Imported 'GUID: bb325d04c0ca0dd4a85a78892caa83fc' -> (Import Result ID: '5b30d7aca60e8c27dee883febb3413df') in 0.005 seconds [static and dynamic dependencies]. Details - ImportResultOutputID=a220b82b9136a3ff4de69405bb5fa48a DependenciesID=d5f50c411eac10b93e4feda0f803fa87 StaticDependenciesID=465c86c5079b86d53f6d89280bf5b965 
Number of updated asset objects reloaded before import = 0
Number of asset objects unloaded after import = 2
========================================================================
Received Import Request.
  Time of request: 2026-09-30T11:08:13.895784Z
  Time since last request: 0.00132075 seconds.
  importAddress: GUID: 0e1771a5cd057014db71494d5a458d40 - Path: Assets/Imported_Aseests/TerrainSampleAssets/Textures/Details/Bush_A_MaskMap.tif - Importer: ScriptedImporter/UnityEditor.QuickSearchModule:UnityEditor.Search:ASIAI0B
Importing 'GUID: 0e1771a5cd057014db71494d5a458d40 - Path: Assets/Imported_Aseests/TerrainSampleAssets/Textures/Details/Bush_A_MaskMap.tif - Importer: ScriptedImporter/UnityEditor.QuickSearchModule:UnityEditor.Search:ASIAI0B' with importer (ScriptedImporter : UnityEditor.QuickSearchModule:UnityEditor.Search:ASIAI0B)
Imported 'GUID: 0e1771a5cd057014db71494d5a458d40' -> (Import Result ID: 'ce2faa8be53e6fd33f5e26ea06d1df41') in 0.012 seconds [static and dynamic dependencies]. Details - ImportResultOutputID=747c7ce8b72132b365cfbbf2e2c1da8d DependenciesID=416114632913efe92d4ec9344d8c44da StaticDependenciesID=9a2e787d070fbe83e1fe780caf17feba 
Number of updated asset objects reloaded before import = 0
Number of asset objects unloaded after import = 1
========================================================================
Received Import Request.
  Time of request: 2026-09-30T11:08:13.926547Z
  Time since last request: 0.000608375 seconds.
  importAddress: GUID: ef3a42474254efb44a572b52d3ac06cd - Path: Assets/Imported_Aseests/TerrainSampleAssets/Textures/Heightmaps/Rolling_Hills01_Heightmap.tif - Importer: ScriptedImporter/UnityEditor.QuickSearchModule:UnityEditor.Search:ASIAI0B
Importing 'GUID: ef3a42474254efb44a572b52d3ac06cd - Path: Assets/Imported_Aseests/TerrainSampleAssets/Textures/Heightmaps/Rolling_Hills01_Heightmap.tif - Importer: ScriptedImporter/UnityEditor.QuickSearchModule:UnityEditor.Search:ASIAI0B' with importer (ScriptedImporter : UnityEditor.QuickSearchModule:UnityEditor.Search:ASIAI0B)
Imported 'GUID: ef3a42474254efb44a572b52d3ac06cd' -> (Import Result ID: '9e99b127170273771b045b4983278421') in 0.007 seconds [static and dynamic dependencies]. Details - ImportResultOutputID=b44c0a5c7186b0446306dd6c4c46ffa8 DependenciesID=f41b1620b625f83df506dcce154d3749 StaticDependenciesID=b89dd914a18737fb300a3a0454e30052 
Number of updated asset objects reloaded before import = 0
Number of asset objects unloaded after import = 1
========================================================================
Received Import Request.
  Time of request: 2026-09-30T11:08:13.959831Z
  Time since last request: 0.001201125 seconds.
  importAddress: GUID: 0b59c495bf285c442b1b799c94a9f8aa - Path: Assets/Imported_Aseests/TerrainSampleAssets/Textures/Terrain/Black_Sand_BaseColor.tif - Importer: ScriptedImporter/UnityEditor.QuickSearchModule:UnityEditor.Search:ASIAI0B
Importing 'GUID: 0b59c495bf285c442b1b799c94a9f8aa - Path: Assets/Imported_Aseests/TerrainSampleAssets/Textures/Terrain/Black_Sand_BaseColor.tif - Importer: ScriptedImporter/UnityEditor.QuickSearchModule:UnityEditor.Search:ASIAI0B' with importer (ScriptedImporter : UnityEditor.QuickSearchModule:UnityEditor.Search:ASIAI0B)
Imported 'GUID: 0b59c495bf285c442b1b799c94a9f8aa' -> (Import Result ID: 'd78a7016a1e2613215930e35bb33d699') in 0.008 seconds [static and dynamic dependencies]. Details - ImportResultOutputID=7596dfd2d28db069f134f3aa2df54daa DependenciesID=0f942ff42ef80f72e94fa98c5148d23a StaticDependenciesID=8ba78f2acfee23b4a5e4e9af51eb3815 
Number of updated asset objects reloaded before import = 0
Number of asset objects unloaded after import = 1
========================================================================
Received Import Request.
  Time of request: 2026-09-30T11:08:13.988877Z
  Time since last request: 0.000706166 seconds.
  importAddress: GUID: 97025d35e5b57294f92451cbaf836c12 - Path: Assets/Imported_Aseests/TerrainSampleAssets/Models/Plant_B.asset - Importer: ScriptedImporter/UnityEditor.QuickSearchModule:UnityEditor.Search:ASIAI0B
Importing 'GUID: 97025d35e5b57294f92451cbaf836c12 - Path: Assets/Imported_Aseests/TerrainSampleAssets/Models/Plant_B.asset - Importer: ScriptedImporter/UnityEditor.QuickSearchModule:UnityEditor.Search:ASIAI0B' with importer (ScriptedImporter : UnityEditor.QuickSearchModule:UnityEditor.Search:ASIAI0B)
Imported 'GUID: 97025d35e5b57294f92451cbaf836c12' -> (Import Result ID: '61fa39f1d43822368a8cbbfa9ab8568c') in 0.002 seconds [static and dynamic dependencies]. Details - ImportResultOutputID=84635ebb214e2604696ae21b3858a20d DependenciesID=a799c6e573e2bbc432945590748a13c3 StaticDependenciesID=1172b9b62346833c78718a0bef04520f 
Number of updated asset objects reloaded before import = 0
Number of asset objects unloaded after import = 1
========================================================================
Received Import Request.
  Time of request: 2026-09-30T11:08:14.011137Z
  Time since last request: 0.000555708 seconds.
  importAddress: GUID: 5c4a8c65594fb714388c177bbed315bc - Path: Assets/Imported_Aseests/TerrainSampleAssets/Textures/Terrain/Pebbles_B_MaskMap.tif - Importer: ScriptedImporter/UnityEditor.QuickSearchModule:UnityEditor.Search:ASIAI0B
Importing 'GUID: 5c4a8c65594fb714388c177bbed315bc - Path: Assets/Imported_Aseests/TerrainSampleAssets/Textures/Terrain/Pebbles_B_MaskMap.tif - Importer: ScriptedImporter/UnityEditor.QuickSearchModule:UnityEditor.Search:ASIAI0B' with importer (ScriptedImporter : UnityEditor.QuickSearchModule:UnityEditor.Search:ASIAI0B)
Imported 'GUID: 5c4a8c65594fb714388c177bbed315bc' -> (Import Result ID: 'f8526042972036ce364d1fc739a50d5c') in 0.006 seconds [static and dynamic dependencies]. Details - ImportResultOutputID=83f18724d580d71c7ec8bb47c133a22d DependenciesID=ef5e75418e4f7c90e51d9005aa09a168 StaticDependenciesID=e8b19c4249f0900cb64ada09694bfeef 
Number of updated asset objects reloaded before import = 0
Number of asset objects unloaded after import = 1
========================================================================
Received Import Request.
  Time of request: 2026-09-30T11:08:14.03722Z
  Time since last request: 0.00122025 seconds.
  importAddress: GUID: c18cd5b317ff2af479fe5b47336cc75c - Path: Assets/Imported_Aseests/TerrainSampleAssets/TerrainBrushes/Terrainstamp_Mountain05_Brush.brush - Importer: ScriptedImporter/UnityEditor.QuickSearchModule:UnityEditor.Search:ASIAI0B
Importing 'GUID: c18cd5b317ff2af479fe5b47336cc75c - Path: Assets/Imported_Aseests/TerrainSampleAssets/TerrainBrushes/Terrainstamp_Mountain05_Brush.brush - Importer: ScriptedImporter/UnityEditor.QuickSearchModule:UnityEditor.Search:ASIAI0B' with importer (ScriptedImporter : UnityEditor.QuickSearchModule:UnityEditor.Search:ASIAI0B)
Imported 'GUID: c18cd5b317ff2af479fe5b47336cc75c' -> (Import Result ID: 'ac28ca3a2c383904f79d33a91dc73e3f') in 0.008 seconds [static and dynamic dependencies]. Details - ImportResultOutputID=1dbcb5d360b31e48e855e320cad7faf9 DependenciesID=8b95e7e4d376cbed75d52fc148e916cb StaticDependenciesID=fe2b5a898121ee0d876e8b28174d7829 
Number of updated asset objects reloaded before import = 0
Number of asset objects unloaded after import = 2
========================================================================
Received Import Request.
  Time of request: 2026-09-30T11:08:14.066101Z
  Time since last request: 0.00102925 seconds.
  importAddress: GUID: 0c4301a6ce8e5964c8df62a78aca15d1 - Path: Assets/Imported_Aseests/TerrainSampleAssets/Models/Bush_A.asset - Importer: ScriptedImporter/UnityEditor.QuickSearchModule:UnityEditor.Search:ASIAI0B
Importing 'GUID: 0c4301a6ce8e5964c8df62a78aca15d1 - Path: Assets/Imported_Aseests/TerrainSampleAssets/Models/Bush_A.asset - Importer: ScriptedImporter/UnityEditor.QuickSearchModule:UnityEditor.Search:ASIAI0B' with importer (ScriptedImporter : UnityEditor.QuickSearchModule:UnityEditor.Search:ASIAI0B)
Imported 'GUID: 0c4301a6ce8e5964c8df62a78aca15d1' -> (Import Result ID: 'e2a7f3c308932c8649d30f4b19f3e21b') in 0.003 seconds [static and dynamic dependencies]. Details - ImportResultOutputID=ff45a34fd405097be7eb788895ebd2e2 DependenciesID=f620f93e8b15c45a9d5a6e8eef231f27 StaticDependenciesID=d61322620b7e1e87a93cc9c34d870eef 
Number of updated asset objects reloaded before import = 0
Number of asset objects unloaded after import = 1
========================================================================
Received Import Request.
  Time of request: 2026-09-30T11:08:14.088463Z
  Time since last request: 0.000290417 seconds.
  importAddress: GUID: 65c50b065f264b042a12153fb6454aa5 - Path: Assets/Imported_Aseests/TerrainSampleAssets/Textures/Terrain/Tidal_Pools_BaseColor.tif - Importer: ScriptedImporter/UnityEditor.QuickSearchModule:UnityEditor.Search:ASIAI0B
Importing 'GUID: 65c50b065f264b042a12153fb6454aa5 - Path: Assets/Imported_Aseests/TerrainSampleAssets/Textures/Terrain/Tidal_Pools_BaseColor.tif - Importer: ScriptedImporter/UnityEditor.QuickSearchModule:UnityEditor.Search:ASIAI0B' with importer (ScriptedImporter : UnityEditor.QuickSearchModule:UnityEditor.Search:ASIAI0B)
Imported 'GUID: 65c50b065f264b042a12153fb6454aa5' -> (Import Result ID: 'd95d3bc757ba225854f8c0c7eb9b2535') in 0.006 seconds [static and dynamic dependencies]. Details - ImportResultOutputID=1fa6477b248a8d78a7821c4c88bc383c DependenciesID=7ba8534ac15d2c714e6fb6f0abe97d56 StaticDependenciesID=05d5e39e7c2d93da7aa9b520e7a47206 
Number of updated asset objects reloaded before import = 0
Number of asset objects unloaded after import = 1
========================================================================
Received Import Request.
  Time of request: 2026-09-30T11:08:14.114369Z
  Time since last request: 0.000645375 seconds.
  importAddress: GUID: ce420f179549a9c4f9a08a26260e8d18 - Path: Assets/Imported_Aseests/TerrainSampleAssets/Textures/Heightmaps/Mountain07_Heightmap.tif - Importer: ScriptedImporter/UnityEditor.QuickSearchModule:UnityEditor.Search:ASIAI0B
Importing 'GUID: ce420f179549a9c4f9a08a26260e8d18 - Path: Assets/Imported_Aseests/TerrainSampleAssets/Textures/Heightmaps/Mountain07_Heightmap.tif - Importer: ScriptedImporter/UnityEditor.QuickSearchModule:UnityEditor.Search:ASIAI0B' with importer (ScriptedImporter : UnityEditor.QuickSearchModule:UnityEditor.Search:ASIAI0B)
Imported 'GUID: ce420f179549a9c4f9a08a26260e8d18' -> (Import Result ID: '08dcfaed03ab7dfe93737930daa2860f') in 0.011 seconds [static and dynamic dependencies]. Details - ImportResultOutputID=5c5e39cd01fb6cbf353d32177bb2f0eb DependenciesID=286d25b63223d87fc4f1767880c80356 StaticDependenciesID=6c8014bbc14eac80484d9565a274e236 
Number of updated asset objects reloaded before import = 0
Number of asset objects unloaded after import = 1
========================================================================
Received Import Request.
  Time of request: 2026-09-30T11:08:14.145018Z
  Time since last request: 0.0005465 seconds.
  importAddress: GUID: b4f1a8962849d1e418cbb0637143dc00 - Path: Assets/Imported_Aseests/TerrainSampleAssets/TerrainBrushes/Terrainstamp_Erode02_Brush.brush - Importer: ScriptedImporter/UnityEditor.QuickSearchModule:UnityEditor.Search:ASIAI0B
Importing 'GUID: b4f1a8962849d1e418cbb0637143dc00 - Path: Assets/Imported_Aseests/TerrainSampleAssets/TerrainBrushes/Terrainstamp_Erode02_Brush.brush - Importer: ScriptedImporter/UnityEditor.QuickSearchModule:UnityEditor.Search:ASIAI0B' with importer (ScriptedImporter : UnityEditor.QuickSearchModule:UnityEditor.Search:ASIAI0B)
Imported 'GUID: b4f1a8962849d1e418cbb0637143dc00' -> (Import Result ID: 'e8c0abbe11b64373cf851b211b7d25c4') in 0.006 seconds [static and dynamic dependencies]. Details - ImportResultOutputID=25dd4345f041ab4e4e5fa248baba77e5 DependenciesID=88f3dc53f3e3726c6c25ad9ee173ef4d StaticDependenciesID=b0b4af87749ce10f46f2d5e9931bd242 
Number of updated asset objects reloaded before import = 0
Number of asset objects unloaded after import = 2
========================================================================
Received Import Request.
  Time of request: 2026-09-30T11:08:14.171646Z
  Time since last request: 0.001900208 seconds.
  importAddress: GUID: ef9c4dc3cb0fed644b548b70ef4f61a8 - Path: Assets/Imported_Aseests/TerrainSampleAssets/Textures/Heightmaps/Slope01_Heightmap.tiff - Importer: ScriptedImporter/UnityEditor.QuickSearchModule:UnityEditor.Search:ASIAI0B
Importing 'GUID: ef9c4dc3cb0fed644b548b70ef4f61a8 - Path: Assets/Imported_Aseests/TerrainSampleAssets/Textures/Heightmaps/Slope01_Heightmap.tiff - Importer: ScriptedImporter/UnityEditor.QuickSearchModule:UnityEditor.Search:ASIAI0B' with importer (ScriptedImporter : UnityEditor.QuickSearchModule:UnityEditor.Search:ASIAI0B)
Imported 'GUID: ef9c4dc3cb0fed644b548b70ef4f61a8' -> (Import Result ID: '129327a9e643c4f4dcf27b0ebdf12ff9') in 0.013 seconds [static and dynamic dependencies]. Details - ImportResultOutputID=527049d0af4d0b0f17ef1a69d33468a0 DependenciesID=881d615ecad813b3214a65666903d5ab StaticDependenciesID=813c48883e1c5802fd1f1e95da6a2b95 
Number of updated asset objects reloaded before import = 0
Number of asset objects unloaded after import = 1
========================================================================
Received Import Request.
  Time of request: 2026-09-30T11:08:14.20495Z
  Time since last request: 0.00091275 seconds.
  importAddress: GUID: 9ef29f7651a5050409fa9822d6d4f941 - Path: Assets/Imported_Aseests/TerrainSampleAssets/Materials/Heather.asset - Importer: ScriptedImporter/UnityEditor.QuickSearchModule:UnityEditor.Search:ASIAI0B
Importing 'GUID: 9ef29f7651a5050409fa9822d6d4f941 - Path: Assets/Imported_Aseests/TerrainSampleAssets/Materials/Heather.asset - Importer: ScriptedImporter/UnityEditor.QuickSearchModule:UnityEditor.Search:ASIAI0B' with importer (ScriptedImporter : UnityEditor.QuickSearchModule:UnityEditor.Search:ASIAI0B)
Imported 'GUID: 9ef29f7651a5050409fa9822d6d4f941' -> (Import Result ID: 'd447978f78bcf18fd39eeec82eb5d414') in 0.093 seconds [static and dynamic dependencies]. Details - ImportResultOutputID=a22c9da778bad99232c66ed4063685e9 DependenciesID=2f01b3617e0c7654d684228d60b7962a StaticDependenciesID=c002243a28ed7431a4f4b4e3e8226400 
Number of updated asset objects reloaded before import = 0
Number of asset objects unloaded after import = 17
========================================================================
Received Import Request.
  Time of request: 2026-09-30T11:08:14.317248Z
  Time since last request: 0.000116042 seconds.
  importAddress: GUID: ffa01093856b873448237de84289ee85 - Path: Assets/Imported_Aseests/TerrainSampleAssets/Textures/Terrain/Snow_BaseColor.tif - Importer: ScriptedImporter/UnityEditor.QuickSearchModule:UnityEditor.Search:ASIAI0B
Importing 'GUID: ffa01093856b873448237de84289ee85 - Path: Assets/Imported_Aseests/TerrainSampleAssets/Textures/Terrain/Snow_BaseColor.tif - Importer: ScriptedImporter/UnityEditor.QuickSearchModule:UnityEditor.Search:ASIAI0B' with importer (ScriptedImporter : UnityEditor.QuickSearchModule:UnityEditor.Search:ASIAI0B)
Imported 'GUID: ffa01093856b873448237de84289ee85' -> (Import Result ID: 'af97e726f3a0892845d95fcb278c8713') in 0.007 seconds [static and dynamic dependencies]. Details - ImportResultOutputID=cea27747c51bf1ef5271ec53f460c6e7 DependenciesID=64c5637d53a4f741a2688a0f436c69e7 StaticDependenciesID=fa5357b850a63ac584995b20eb03a491 
Number of updated asset objects reloaded before import = 0
Number of asset objects unloaded after import = 1
========================================================================
Received Import Request.
  Time of request: 2026-09-30T11:08:14.34422Z
  Time since last request: 0.000892917 seconds.
  importAddress: GUID: b47c02079aebe594a94e62b833a0616b - Path: Assets/Imported_Aseests/TerrainSampleAssets/TerrainBrushes/Terrainstamp_Ridgeedge01_Brush.brush - Importer: ScriptedImporter/UnityEditor.QuickSearchModule:UnityEditor.Search:ASIAI0B
Importing 'GUID: b47c02079aebe594a94e62b833a0616b - Path: Assets/Imported_Aseests/TerrainSampleAssets/TerrainBrushes/Terrainstamp_Ridgeedge01_Brush.brush - Importer: ScriptedImporter/UnityEditor.QuickSearchModule:UnityEditor.Search:ASIAI0B' with importer (ScriptedImporter : UnityEditor.QuickSearchModule:UnityEditor.Search:ASIAI0B)
Imported 'GUID: b47c02079aebe594a94e62b833a0616b' -> (Import Result ID: 'df1cba4a49250190bf8eca514800af59') in 0.005 seconds [static and dynamic dependencies]. Details - ImportResultOutputID=4437a23265a338705bb8aa7b48c22922 DependenciesID=400424531d805fef2cd12daf9a9b14f1 StaticDependenciesID=db8aa58d5075748745a49d0e3acfec6a 
Number of updated asset objects reloaded before import = 0
Number of asset objects unloaded after import = 2
========================================================================
Received Import Request.
  Time of request: 2026-09-30T11:08:14.367279Z
  Time since last request: 0.000475083 seconds.
  importAddress: GUID: d44cec25420524046b0137655ed7f307 - Path: Assets/Imported_Aseests/TerrainSampleAssets/Textures/Terrain/Grass_Moss_BaseColor.tif - Importer: ScriptedImporter/UnityEditor.QuickSearchModule:UnityEditor.Search:ASIAI0B
Importing 'GUID: d44cec25420524046b0137655ed7f307 - Path: Assets/Imported_Aseests/TerrainSampleAssets/Textures/Terrain/Grass_Moss_BaseColor.tif - Importer: ScriptedImporter/UnityEditor.QuickSearchModule:UnityEditor.Search:ASIAI0B' with importer (ScriptedImporter : UnityEditor.QuickSearchModule:UnityEditor.Search:ASIAI0B)
Imported 'GUID: d44cec25420524046b0137655ed7f307' -> (Import Result ID: '6f9a9e9ffbd7ff796fb746a3b3250a56') in 0.006 seconds [static and dynamic dependencies]. Details - ImportResultOutputID=50c3bf6894f87976e5015f0953a3bf3d DependenciesID=e006fc42f2f891bfaa92b9de47395029 StaticDependenciesID=506c17e6911b8ea61813e4f629f6f5e8 
Number of updated asset objects reloaded before import = 0
Number of asset objects unloaded after import = 1
========================================================================
Received Import Request.
  Time of request: 2026-09-30T11:08:14.392194Z
  Time since last request: 0.000796666 seconds.
  importAddress: GUID: a27a2665c8aec334ba8bbba24ee0c827 - Path: Assets/Imported_Aseests/TerrainSampleAssets/TerrainBrushes/Terrainstamp_Crackedground01_Brush.brush - Importer: ScriptedImporter/UnityEditor.QuickSearchModule:UnityEditor.Search:ASIAI0B
Importing 'GUID: a27a2665c8aec334ba8bbba24ee0c827 - Path: Assets/Imported_Aseests/TerrainSampleAssets/TerrainBrushes/Terrainstamp_Crackedground01_Brush.brush - Importer: ScriptedImporter/UnityEditor.QuickSearchModule:UnityEditor.Search:ASIAI0B' with importer (ScriptedImporter : UnityEditor.QuickSearchModule:UnityEditor.Search:ASIAI0B)
Imported 'GUID: a27a2665c8aec334ba8bbba24ee0c827' -> (Import Result ID: '3aad5144477e74a5bf6f223d78f1ad5d') in 0.003 seconds [static and dynamic dependencies]. Details - ImportResultOutputID=63f7bd0cc51cf34b7687383b8c06dfe5 DependenciesID=40221e498f2ff0ea29f90be3ae6c945a StaticDependenciesID=de644c77aabd224656c7985311d9213f 
Number of updated asset objects reloaded before import = 0
Number of asset objects unloaded after import = 2
========================================================================
Received Import Request.
  Time of request: 2026-09-30T11:08:14.414208Z
  Time since last request: 0.000907209 seconds.
  importAddress: GUID: 9a1568052101f2f48ba76e7342adc3f3 - Path: Assets/Imported_Aseests/TerrainSampleAssets/Textures/Details/Grass_A_Normal.tif - Importer: ScriptedImporter/UnityEditor.QuickSearchModule:UnityEditor.Search:ASIAI0B
Importing 'GUID: 9a1568052101f2f48ba76e7342adc3f3 - Path: Assets/Imported_Aseests/TerrainSampleAssets/Textures/Details/Grass_A_Normal.tif - Importer: ScriptedImporter/UnityEditor.QuickSearchModule:UnityEditor.Search:ASIAI0B' with importer (ScriptedImporter : UnityEditor.QuickSearchModule:UnityEditor.Search:ASIAI0B)
Imported 'GUID: 9a1568052101f2f48ba76e7342adc3f3' -> (Import Result ID: '9d6f8e69fa1a4fe7b28ffcd812d7ce46') in 0.006 seconds [static and dynamic dependencies]. Details - ImportResultOutputID=3a5f1f4aacabc02b60f4fed0a42f76d6 DependenciesID=d29b5b82699db6e43324fd0d498e4cb6 StaticDependenciesID=283aebf57350dfd1c4027e7087e722fe 
Number of updated asset objects reloaded before import = 0
Number of asset objects unloaded after import = 1
========================================================================
Received Import Request.
  Time of request: 2026-09-30T11:08:14.441879Z
  Time since last request: 0.001194125 seconds.
  importAddress: GUID: e257fa53a087b404d8579225e1c7cddb - Path: Assets/Imported_Aseests/TerrainSampleAssets/Textures/Terrain/Soil_Rocks_BaseColor.tif - Importer: ScriptedImporter/UnityEditor.QuickSearchModule:UnityEditor.Search:ASIAI0B
Importing 'GUID: e257fa53a087b404d8579225e1c7cddb - Path: Assets/Imported_Aseests/TerrainSampleAssets/Textures/Terrain/Soil_Rocks_BaseColor.tif - Importer: ScriptedImporter/UnityEditor.QuickSearchModule:UnityEditor.Search:ASIAI0B' with importer (ScriptedImporter : UnityEditor.QuickSearchModule:UnityEditor.Search:ASIAI0B)
Imported 'GUID: e257fa53a087b404d8579225e1c7cddb' -> (Import Result ID: 'cec5505f31ba2669af467a8840f014ff') in 0.006 seconds [static and dynamic dependencies]. Details - ImportResultOutputID=e9815c41d8d9d6fe49d233b8425cce6f DependenciesID=d68be7340a570df4e6ccffd166a4ec1c StaticDependenciesID=3f33969e331434c725ac19b7efa6de50 
Number of updated asset objects reloaded before import = 0
Number of asset objects unloaded after import = 1
========================================================================
Received Import Request.
  Time of request: 2026-09-30T11:08:14.467286Z
  Time since last request: 0.000436583 seconds.
  importAddress: GUID: 795e383430200a14bb52726e97a0e7f4 - Path: Assets/Imported_Aseests/TerrainSampleAssets/TerrainLayers/Heather_TerrainLayer.terrainlayer - Importer: ScriptedImporter/UnityEditor.QuickSearchModule:UnityEditor.Search:ASIAI0B
Importing 'GUID: 795e383430200a14bb52726e97a0e7f4 - Path: Assets/Imported_Aseests/TerrainSampleAssets/TerrainLayers/Heather_TerrainLayer.terrainlayer - Importer: ScriptedImporter/UnityEditor.QuickSearchModule:UnityEditor.Search:ASIAI0B' with importer (ScriptedImporter : UnityEditor.QuickSearchModule:UnityEditor.Search:ASIAI0B)
Imported 'GUID: 795e383430200a14bb52726e97a0e7f4' -> (Import Result ID: '4d9ecb66a9fedd893571bdb031427496') in 0.011 seconds [static and dynamic dependencies]. Details - ImportResultOutputID=2204b726b07e5b775fdc4ec66e631973 DependenciesID=55497562f44c8e015f27227c779346b9 StaticDependenciesID=3e02ad498f7bbdc733fd5796fb9f76f9 
Number of updated asset objects reloaded before import = 0
Number of asset objects unloaded after import = 4
========================================================================
Received Import Request.
  Time of request: 2026-09-30T11:08:14.497232Z
  Time since last request: 0.000496416 seconds.
  importAddress: GUID: 9037b993318fb2a46b314bdf87073500 - Path: Assets/Imported_Aseests/TerrainSampleAssets/ShaderGraphs/Subgraphs/URPSSS.shadersubgraph - Importer: ScriptedImporter/UnityEditor.QuickSearchModule:UnityEditor.Search:ASIAI0B
Importing 'GUID: 9037b993318fb2a46b314bdf87073500 - Path: Assets/Imported_Aseests/TerrainSampleAssets/ShaderGraphs/Subgraphs/URPSSS.shadersubgraph - Importer: ScriptedImporter/UnityEditor.QuickSearchModule:UnityEditor.Search:ASIAI0B' with importer (ScriptedImporter : UnityEditor.QuickSearchModule:UnityEditor.Search:ASIAI0B)
Imported 'GUID: 9037b993318fb2a46b314bdf87073500' -> (Import Result ID: '719be3065eb7e56e3e03d25cfcc4df2d') in 0.003 seconds [static and dynamic dependencies]. Details - ImportResultOutputID=553e209218395ec71d0235fcfc79132a DependenciesID=529b44e8580ee8b5ce6872f357d51ab3 StaticDependenciesID=ef14e24666ed16e85a54648b834647f6 
Number of updated asset objects reloaded before import = 0
Number of asset objects unloaded after import = 1
========================================================================
Received Import Request.
  Time of request: 2026-09-30T11:08:14.520271Z
  Time since last request: 0.0014025 seconds.
  importAddress: GUID: a1f4f845b9208d64a95cc6177a9b2abc - Path: Assets/Imported_Aseests/TerrainSampleAssets/Textures/Heightmaps/Mountain04_Heightmap.tif - Importer: ScriptedImporter/UnityEditor.QuickSearchModule:UnityEditor.Search:ASIAI0B
Importing 'GUID: a1f4f845b9208d64a95cc6177a9b2abc - Path: Assets/Imported_Aseests/TerrainSampleAssets/Textures/Heightmaps/Mountain04_Heightmap.tif - Importer: ScriptedImporter/UnityEditor.QuickSearchModule:UnityEditor.Search:ASIAI0B' with importer (ScriptedImporter : UnityEditor.QuickSearchModule:UnityEditor.Search:ASIAI0B)
Imported 'GUID: a1f4f845b9208d64a95cc6177a9b2abc' -> (Import Result ID: '7362b9ada0af8ccce15ecd95bdeb05a9') in 0.009 seconds [static and dynamic dependencies]. Details - ImportResultOutputID=6b5ad740acbd74ee53813af13846e856 DependenciesID=c02fb4a0ee201334249139d59f0e0634 StaticDependenciesID=d2e764d10070a906042db96568d5001e 
Number of updated asset objects reloaded before import = 0
Number of asset objects unloaded after import = 1
========================================================================
Received Import Request.
  Time of request: 2026-09-30T11:08:14.548399Z
  Time since last request: 0.00027925 seconds.
  importAddress: GUID: 0cbb01b61ed524a48a119d81aa262fed - Path: Assets/Imported_Aseests/TerrainSampleAssets/TerrainLayers/Grass_Dry_TerrainLayer.terrainlayer - Importer: ScriptedImporter/UnityEditor.QuickSearchModule:UnityEditor.Search:ASIAI0B
Importing 'GUID: 0cbb01b61ed524a48a119d81aa262fed - Path: Assets/Imported_Aseests/TerrainSampleAssets/TerrainLayers/Grass_Dry_TerrainLayer.terrainlayer - Importer: ScriptedImporter/UnityEditor.QuickSearchModule:UnityEditor.Search:ASIAI0B' with importer (ScriptedImporter : UnityEditor.QuickSearchModule:UnityEditor.Search:ASIAI0B)
Imported 'GUID: 0cbb01b61ed524a48a119d81aa262fed' -> (Import Result ID: '48a862c9c6f45524905f1ff60934ef99') in 0.013 seconds [static and dynamic dependencies]. Details - ImportResultOutputID=08a6fc8631df16927f416cf92042ab93 DependenciesID=eea0e6ae66c32c7cb1e9b49f9af105cc StaticDependenciesID=293b7d187d6eab01680de32ae0543c67 
Number of updated asset objects reloaded before import = 0
Number of asset objects unloaded after import = 4
========================================================================
Received Import Request.
  Time of request: 2026-09-30T11:08:14.630963Z
  Time since last request: 0.051468584 seconds.
  importAddress: GUID: 43040687acbef31438764c0a962e143f - Path: Assets/Imported_Aseests/TerrainSampleAssets/ShaderGraphs/Subgraphs/Wind.shadersubgraph - Importer: ScriptedImporter/UnityEditor.QuickSearchModule:UnityEditor.Search:ASIAI0B
Importing 'GUID: 43040687acbef31438764c0a962e143f - Path: Assets/Imported_Aseests/TerrainSampleAssets/ShaderGraphs/Subgraphs/Wind.shadersubgraph - Importer: ScriptedImporter/UnityEditor.QuickSearchModule:UnityEditor.Search:ASIAI0B' with importer (ScriptedImporter : UnityEditor.QuickSearchModule:UnityEditor.Search:ASIAI0B)
Imported 'GUID: 43040687acbef31438764c0a962e143f' -> (Import Result ID: '14fffe245a3a7fff4cd31d121ec4e3f9') in 0.004 seconds [static and dynamic dependencies]. Details - ImportResultOutputID=8ced67ed913c8c8550f45b36635cbd8d DependenciesID=9b9330b795926098415aa4f15b0cfef4 StaticDependenciesID=9d4e0878508f2f0fa6b5ad1d41309907 
Number of updated asset objects reloaded before import = 0
Number of asset objects unloaded after import = 1
========================================================================
Received Import Request.
  Time of request: 2026-09-30T11:08:14.656855Z
  Time since last request: 0.00119625 seconds.
  importAddress: GUID: c8b8fa1b153cfd3428c4c5c2fded152e - Path: Assets/Imported_Aseests/TerrainSampleAssets/Textures/Terrain/Heather_Normal.tif - Importer: ScriptedImporter/UnityEditor.QuickSearchModule:UnityEditor.Search:ASIAI0B
Importing 'GUID: c8b8fa1b153cfd3428c4c5c2fded152e - Path: Assets/Imported_Aseests/TerrainSampleAssets/Textures/Terrain/Heather_Normal.tif - Importer: ScriptedImporter/UnityEditor.QuickSearchModule:UnityEditor.Search:ASIAI0B' with importer (ScriptedImporter : UnityEditor.QuickSearchModule:UnityEditor.Search:ASIAI0B)
Imported 'GUID: c8b8fa1b153cfd3428c4c5c2fded152e' -> (Import Result ID: '025aa3b5adfa1d2ed53a1d2098b9667e') in 0.005 seconds [static and dynamic dependencies]. Details - ImportResultOutputID=cd8d26a2fd65f034bac856761706a4cb DependenciesID=14b2c9e8939300fe295ab428710a2822 StaticDependenciesID=52497dc3079e12cbced9103155036f58 
Number of updated asset objects reloaded before import = 0
Number of asset objects unloaded after import = 1
========================================================================
Received Import Request.
  Time of request: 2026-09-30T11:08:14.682341Z
  Time since last request: 0.001942875 seconds.
  importAddress: GUID: d9246f89c4014f749b69f6e963372434 - Path: Assets/Imported_Aseests/TerrainSampleAssets/Prefabs/Plant_C.prefab - Importer: ScriptedImporter/UnityEditor.QuickSearchModule:UnityEditor.Search:ASIAI0B
Importing 'GUID: d9246f89c4014f749b69f6e963372434 - Path: Assets/Imported_Aseests/TerrainSampleAssets/Prefabs/Plant_C.prefab - Importer: ScriptedImporter/UnityEditor.QuickSearchModule:UnityEditor.Search:ASIAI0B' with importer (ScriptedImporter : UnityEditor.QuickSearchModule:UnityEditor.Search:ASIAI0B)
Imported 'GUID: d9246f89c4014f749b69f6e963372434' -> (Import Result ID: '01aed5e5d976244371796fc10adb7319') in 0.007 seconds [static and dynamic dependencies]. Details - ImportResultOutputID=d3aaa1769ff07f645564f57c5b2eddcb DependenciesID=e601967c155dc895a4b454b04cc1df3b StaticDependenciesID=bc779f2321655184e91ea05ff2f070a1 
Number of updated asset objects reloaded before import = 0
Number of asset objects unloaded after import = 9
========================================================================
Received Import Request.
  Time of request: 2026-09-30T11:08:14.709536Z
  Time since last request: 0.000222709 seconds.
  importAddress: GUID: 87bcc148df475664181f323cf3b45e93 - Path: Assets/Imported_Aseests/TerrainSampleAssets/TerrainBrushes/Terrainstamp_Mountain01_Brush.brush - Importer: ScriptedImporter/UnityEditor.QuickSearchModule:UnityEditor.Search:ASIAI0B
Importing 'GUID: 87bcc148df475664181f323cf3b45e93 - Path: Assets/Imported_Aseests/TerrainSampleAssets/TerrainBrushes/Terrainstamp_Mountain01_Brush.brush - Importer: ScriptedImporter/UnityEditor.QuickSearchModule:UnityEditor.Search:ASIAI0B' with importer (ScriptedImporter : UnityEditor.QuickSearchModule:UnityEditor.Search:ASIAI0B)
Imported 'GUID: 87bcc148df475664181f323cf3b45e93' -> (Import Result ID: 'd972ca70b6813c364f2adae07e8f788b') in 0.006 seconds [static and dynamic dependencies]. Details - ImportResultOutputID=b46e3002eefb8391de5f9e6f7f1d8a9d DependenciesID=2f986c15db8e632a1fc66abc96de284b StaticDependenciesID=46188e40cee9061caefa49245020789d 
Number of updated asset objects reloaded before import = 0
Number of asset objects unloaded after import = 2
========================================================================
Received Import Request.
  Time of request: 2026-09-30T11:08:14.734747Z
  Time since last request: 0.000278375 seconds.
  importAddress: GUID: fc123ab8f2eb56945b5849155624e2c0 - Path: Assets/Imported_Aseests/TerrainSampleAssets/Materials/Grass.asset - Importer: ScriptedImporter/UnityEditor.QuickSearchModule:UnityEditor.Search:ASIAI0B
Importing 'GUID: fc123ab8f2eb56945b5849155624e2c0 - Path: Assets/Imported_Aseests/TerrainSampleAssets/Materials/Grass.asset - Importer: ScriptedImporter/UnityEditor.QuickSearchModule:UnityEditor.Search:ASIAI0B' with importer (ScriptedImporter : UnityEditor.QuickSearchModule:UnityEditor.Search:ASIAI0B)
Imported 'GUID: fc123ab8f2eb56945b5849155624e2c0' -> (Import Result ID: '094527519c470b88fa417034c8525023') in 0.013 seconds [static and dynamic dependencies]. Details - ImportResultOutputID=e4a58357fab774af95e29d3121bc9442 DependenciesID=0903b665de8935306b180ed6a6684aa4 StaticDependenciesID=be5b8c26afd5502bb567ce4755aed135 
Number of updated asset objects reloaded before import = 0
Number of asset objects unloaded after import = 17
========================================================================
Received Import Request.
  Time of request: 2026-09-30T11:08:14.767313Z
  Time since last request: 0.000035875 seconds.
  importAddress: GUID: ceb297a70ecfb74479647a7e0e433265 - Path: Assets/Imported_Aseests/TerrainSampleAssets/TerrainBrushes/Terrainstamp_Canyon05_Brush.brush - Importer: ScriptedImporter/UnityEditor.QuickSearchModule:UnityEditor.Search:ASIAI0B
Importing 'GUID: ceb297a70ecfb74479647a7e0e433265 - Path: Assets/Imported_Aseests/TerrainSampleAssets/TerrainBrushes/Terrainstamp_Canyon05_Brush.brush - Importer: ScriptedImporter/UnityEditor.QuickSearchModule:UnityEditor.Search:ASIAI0B' with importer (ScriptedImporter : UnityEditor.QuickSearchModule:UnityEditor.Search:ASIAI0B)
Imported 'GUID: ceb297a70ecfb74479647a7e0e433265' -> (Import Result ID: 'fcda23b51ef76c3928b020beb2886159') in 0.009 seconds [static and dynamic dependencies]. Details - ImportResultOutputID=182e182d291a1c168a1911c5bd8f7b02 DependenciesID=4c37721e15288338f7882d58525cd238 StaticDependenciesID=b22225b341486653ca6226d106336e5a 
Number of updated asset objects reloaded before import = 0
Number of asset objects unloaded after import = 2
========================================================================
Received Import Request.
  Time of request: 2026-09-30T11:08:14.796755Z
  Time since last request: 0.001996959 seconds.
  importAddress: GUID: 17cc5677d5a413843b9003e53261c859 - Path: Assets/Imported_Aseests/TerrainSampleAssets/Textures/Details/GrassDry_Normal.tif - Importer: ScriptedImporter/UnityEditor.QuickSearchModule:UnityEditor.Search:ASIAI0B
Importing 'GUID: 17cc5677d5a413843b9003e53261c859 - Path: Assets/Imported_Aseests/TerrainSampleAssets/Textures/Details/GrassDry_Normal.tif - Importer: ScriptedImporter/UnityEditor.QuickSearchModule:UnityEditor.Search:ASIAI0B' with importer (ScriptedImporter : UnityEditor.QuickSearchModule:UnityEditor.Search:ASIAI0B)
Imported 'GUID: 17cc5677d5a413843b9003e53261c859' -> (Import Result ID: '6c14547c5c917e92b0f0a37c9f945885') in 0.004 seconds [static and dynamic dependencies]. Details - ImportResultOutputID=86acfb94167014d8018bc36ee483d11a DependenciesID=2ee333fba6cfeeb667ba2371a16216d5 StaticDependenciesID=fb3c90466fd392cf202d5e42caa57c7c 
Number of updated asset objects reloaded before import = 0
Number of asset objects unloaded after import = 1
========================================================================
Received Import Request.
  Time of request: 2026-09-30T11:08:14.81985Z
  Time since last request: 0.000483625 seconds.
  importAddress: GUID: 52ed55fadd8d2b34cb0f9f08adb04a84 - Path: Assets/Imported_Aseests/TerrainSampleAssets/TerrainBrushes/Terrainstamp_Island01_Brush.brush - Importer: ScriptedImporter/UnityEditor.QuickSearchModule:UnityEditor.Search:ASIAI0B
Importing 'GUID: 52ed55fadd8d2b34cb0f9f08adb04a84 - Path: Assets/Imported_Aseests/TerrainSampleAssets/TerrainBrushes/Terrainstamp_Island01_Brush.brush - Importer: ScriptedImporter/UnityEditor.QuickSearchModule:UnityEditor.Search:ASIAI0B' with importer (ScriptedImporter : UnityEditor.QuickSearchModule:UnityEditor.Search:ASIAI0B)
Imported 'GUID: 52ed55fadd8d2b34cb0f9f08adb04a84' -> (Import Result ID: '91ad54dd5bf6ee0c2432516f3e202e4c') in 0.006 seconds [static and dynamic dependencies]. Details - ImportResultOutputID=4a488b4f8c4d6df9496c9c1a0a22da8f DependenciesID=cd7f2ecd08871d7507271b5cf7fb0c5a StaticDependenciesID=7f0067da0e8bc8b09a19507c4df34098 
Number of updated asset objects reloaded before import = 0
Number of asset objects unloaded after import = 2
========================================================================
Received Import Request.
  Time of request: 2026-09-30T11:08:14.847478Z
  Time since last request: 0.000640917 seconds.
  importAddress: GUID: baa12ab73b962474eb9afea9483e1f0f - Path: Assets/Imported_Aseests/TerrainSampleAssets/ShaderGraphs/Subgraphs/AnimatedGrassPhase.shadersubgraph - Importer: ScriptedImporter/UnityEditor.QuickSearchModule:UnityEditor.Search:ASIAI0B
Importing 'GUID: baa12ab73b962474eb9afea9483e1f0f - Path: Assets/Imported_Aseests/TerrainSampleAssets/ShaderGraphs/Subgraphs/AnimatedGrassPhase.shadersubgraph - Importer: ScriptedImporter/UnityEditor.QuickSearchModule:UnityEditor.Search:ASIAI0B' with importer (ScriptedImporter : UnityEditor.QuickSearchModule:UnityEditor.Search:ASIAI0B)
Imported 'GUID: baa12ab73b962474eb9afea9483e1f0f' -> (Import Result ID: '0beb3bfc6d570b5f37380134593df9a5') in 0.004 seconds [static and dynamic dependencies]. Details - ImportResultOutputID=c1b4a1dc51b1b3cfd16fa1f8d0a6bedc DependenciesID=51df11ac87cb049f336c3404ca98d35e StaticDependenciesID=35a7e41015988ec5153657f9fd828776 
Number of updated asset objects reloaded before import = 0
Number of asset objects unloaded after import = 1
========================================================================
Received Import Request.
  Time of request: 2026-09-30T11:08:14.870127Z
  Time since last request: 0.00041175 seconds.
  importAddress: GUID: 2dd80f1b9b10057439e2db179b557ebc - Path: Assets/Imported_Aseests/TerrainSampleAssets/Textures/Terrain/Pebbles_B_BaseColor.tif - Importer: ScriptedImporter/UnityEditor.QuickSearchModule:UnityEditor.Search:ASIAI0B
Importing 'GUID: 2dd80f1b9b10057439e2db179b557ebc - Path: Assets/Imported_Aseests/TerrainSampleAssets/Textures/Terrain/Pebbles_B_BaseColor.tif - Importer: ScriptedImporter/UnityEditor.QuickSearchModule:UnityEditor.Search:ASIAI0B' with importer (ScriptedImporter : UnityEditor.QuickSearchModule:UnityEditor.Search:ASIAI0B)
Imported 'GUID: 2dd80f1b9b10057439e2db179b557ebc' -> (Import Result ID: '1e990b6971d6d82f8d3f81e19780f14b') in 0.004 seconds [static and dynamic dependencies]. Details - ImportResultOutputID=7b14aa4e1328d51bbe6ef0ca99147150 DependenciesID=5f19ad40b8ce4164f1ab01c2cac40d0b StaticDependenciesID=23da42910cd83639b3cdd31c8047dd6f 
Number of updated asset objects reloaded before import = 0
Number of asset objects unloaded after import = 1
========================================================================
Received Import Request.
  Time of request: 2026-09-30T11:08:14.89406Z
  Time since last request: 0.000791667 seconds.
  importAddress: GUID: 70e652ab807bd5c4ca36dc57a1ed6339 - Path: Assets/Imported_Aseests/TerrainSampleAssets/Textures/Heightmaps/Mountain11_Heightmap.tiff - Importer: ScriptedImporter/UnityEditor.QuickSearchModule:UnityEditor.Search:ASIAI0B
Importing 'GUID: 70e652ab807bd5c4ca36dc57a1ed6339 - Path: Assets/Imported_Aseests/TerrainSampleAssets/Textures/Heightmaps/Mountain11_Heightmap.tiff - Importer: ScriptedImporter/UnityEditor.QuickSearchModule:UnityEditor.Search:ASIAI0B' with importer (ScriptedImporter : UnityEditor.QuickSearchModule:UnityEditor.Search:ASIAI0B)
Imported 'GUID: 70e652ab807bd5c4ca36dc57a1ed6339' -> (Import Result ID: '32e13f25b552fae0cb276d484dfe2f20') in 0.009 seconds [static and dynamic dependencies]. Details - ImportResultOutputID=82410e7f4b9986bfae20b807bc2b3a40 DependenciesID=2387f2aa63b17fa01ac5dc386b96662b StaticDependenciesID=bf3d736104f7054049ceb6736efe2852 
Number of updated asset objects reloaded before import = 0
Number of asset objects unloaded after import = 1
========================================================================
Received Import Request.
  Time of request: 2026-09-30T11:08:14.922717Z
  Time since last request: 0.001049166 seconds.
  importAddress: GUID: c997c17aa360cb749a27932fe3bdfcce - Path: Assets/Imported_Aseests/TerrainSampleAssets/TerrainLayers/Rock_TerrainLayer.terrainlayer - Importer: ScriptedImporter/UnityEditor.QuickSearchModule:UnityEditor.Search:ASIAI0B
Importing 'GUID: c997c17aa360cb749a27932fe3bdfcce - Path: Assets/Imported_Aseests/TerrainSampleAssets/TerrainLayers/Rock_TerrainLayer.terrainlayer - Importer: ScriptedImporter/UnityEditor.QuickSearchModule:UnityEditor.Search:ASIAI0B' with importer (ScriptedImporter : UnityEditor.QuickSearchModule:UnityEditor.Search:ASIAI0B)
Imported 'GUID: c997c17aa360cb749a27932fe3bdfcce' -> (Import Result ID: '6a26a3acf8bf352fc986b34545927e5f') in 0.010 seconds [static and dynamic dependencies]. Details - ImportResultOutputID=e6cbbaa9eff1324a40208094b75a646f DependenciesID=b5a83487254f88ba7eaf31e5afc17d91 StaticDependenciesID=a720a0a3dc093ec38a7d1d89665d9d1a 
Number of updated asset objects reloaded before import = 0
Number of asset objects unloaded after import = 4
========================================================================
Received Import Request.
  Time of request: 2026-09-30T11:08:14.953577Z
  Time since last request: 0.000511292 seconds.
  importAddress: GUID: eb8981774e4509b4ba09dcceaf8814d1 - Path: Assets/Imported_Aseests/TerrainSampleAssets/Textures/Heightmaps/Mountain03_Heightmap.tif - Importer: ScriptedImporter/UnityEditor.QuickSearchModule:UnityEditor.Search:ASIAI0B
Importing 'GUID: eb8981774e4509b4ba09dcceaf8814d1 - Path: Assets/Imported_Aseests/TerrainSampleAssets/Textures/Heightmaps/Mountain03_Heightmap.tif - Importer: ScriptedImporter/UnityEditor.QuickSearchModule:UnityEditor.Search:ASIAI0B' with importer (ScriptedImporter : UnityEditor.QuickSearchModule:UnityEditor.Search:ASIAI0B)
Imported 'GUID: eb8981774e4509b4ba09dcceaf8814d1' -> (Import Result ID: 'd16fa979d5a611df543ae5376ec3ded9') in 0.005 seconds [static and dynamic dependencies]. Details - ImportResultOutputID=dfbc024ee94e590c507452a97465c28e DependenciesID=328cacb92ac58839c70fad02378c7544 StaticDependenciesID=3c91982948855c00750936a02a0bad3b 
Number of updated asset objects reloaded before import = 0
Number of asset objects unloaded after import = 1
========================================================================
Received Import Request.
  Time of request: 2026-09-30T11:08:14.978029Z
  Time since last request: 0.0002055 seconds.
  importAddress: GUID: c8542799e804ef04eb35ba93777008a8 - Path: Assets/Imported_Aseests/TerrainSampleAssets/Models/Grass_A.asset - Importer: ScriptedImporter/UnityEditor.QuickSearchModule:UnityEditor.Search:ASIAI0B
Importing 'GUID: c8542799e804ef04eb35ba93777008a8 - Path: Assets/Imported_Aseests/TerrainSampleAssets/Models/Grass_A.asset - Importer: ScriptedImporter/UnityEditor.QuickSearchModule:UnityEditor.Search:ASIAI0B' with importer (ScriptedImporter : UnityEditor.QuickSearchModule:UnityEditor.Search:ASIAI0B)
Imported 'GUID: c8542799e804ef04eb35ba93777008a8' -> (Import Result ID: '50225c1c59a0c154724c2340aca0c251') in 0.003 seconds [static and dynamic dependencies]. Details - ImportResultOutputID=0b746d6cb0d2d59b23b7f21081b59936 DependenciesID=e1ede594fe49c42b4a9da34fefa294d7 StaticDependenciesID=1890faa95431edd9f39ed1c4d78953b0 
Number of updated asset objects reloaded before import = 0
Number of asset objects unloaded after import = 1
========================================================================
Received Import Request.
  Time of request: 2026-09-30T11:08:14.999859Z
  Time since last request: 0.000580417 seconds.
  importAddress: GUID: 8e255f57d15705e488d4db5425239501 - Path: Assets/Imported_Aseests/TerrainSampleAssets/Textures/Terrain/Pebbles_C_BaseColor.tif - Importer: ScriptedImporter/UnityEditor.QuickSearchModule:UnityEditor.Search:ASIAI0B
Importing 'GUID: 8e255f57d15705e488d4db5425239501 - Path: Assets/Imported_Aseests/TerrainSampleAssets/Textures/Terrain/Pebbles_C_BaseColor.tif - Importer: ScriptedImporter/UnityEditor.QuickSearchModule:UnityEditor.Search:ASIAI0B' with importer (ScriptedImporter : UnityEditor.QuickSearchModule:UnityEditor.Search:ASIAI0B)
Imported 'GUID: 8e255f57d15705e488d4db5425239501' -> (Import Result ID: '532e8260f6acd59c3efeee4c033539b3') in 0.006 seconds [static and dynamic dependencies]. Details - ImportResultOutputID=73cdc1aa1fd99f8b83b18668865b7fe7 DependenciesID=c39cc15617f7567f9cc9278eae150633 StaticDependenciesID=b8acab78e0a5ed2cc496ba69c1f01af8 
Number of updated asset objects reloaded before import = 0
Number of asset objects unloaded after import = 1
========================================================================
Received Import Request.
  Time of request: 2026-09-30T11:08:15.024456Z
  Time since last request: 0.000595791 seconds.
  importAddress: GUID: e18ae12a8286a594bae0eb036ce9bc12 - Path: Assets/Imported_Aseests/TerrainSampleAssets/Textures/Terrain/Sand_BaseColor.tif - Importer: ScriptedImporter/UnityEditor.QuickSearchModule:UnityEditor.Search:ASIAI0B
Importing 'GUID: e18ae12a8286a594bae0eb036ce9bc12 - Path: Assets/Imported_Aseests/TerrainSampleAssets/Textures/Terrain/Sand_BaseColor.tif - Importer: ScriptedImporter/UnityEditor.QuickSearchModule:UnityEditor.Search:ASIAI0B' with importer (ScriptedImporter : UnityEditor.QuickSearchModule:UnityEditor.Search:ASIAI0B)
Imported 'GUID: e18ae12a8286a594bae0eb036ce9bc12' -> (Import Result ID: '52945195f82601d667f001150eae5f78') in 0.004 seconds [static and dynamic dependencies]. Details - ImportResultOutputID=0295c1b2029538655216d0a39bcad37b DependenciesID=372c5b2fed30365d02ed3cf6b5a02cd9 StaticDependenciesID=c1c5abe5d98d500fd7d6974b422e2d66 
Number of updated asset objects reloaded before import = 0
Number of asset objects unloaded after import = 1
========================================================================
Received Import Request.
  Time of request: 2026-09-30T11:08:15.047755Z
  Time since last request: 0.000299666 seconds.
  importAddress: GUID: 61a6ad6be0be2b444addf88107c0fda2 - Path: Assets/Imported_Aseests/TerrainSampleAssets/Textures/Terrain/Grass_Soil_MaskMap.tif - Importer: ScriptedImporter/UnityEditor.QuickSearchModule:UnityEditor.Search:ASIAI0B
Importing 'GUID: 61a6ad6be0be2b444addf88107c0fda2 - Path: Assets/Imported_Aseests/TerrainSampleAssets/Textures/Terrain/Grass_Soil_MaskMap.tif - Importer: ScriptedImporter/UnityEditor.QuickSearchModule:UnityEditor.Search:ASIAI0B' with importer (ScriptedImporter : UnityEditor.QuickSearchModule:UnityEditor.Search:ASIAI0B)
Imported 'GUID: 61a6ad6be0be2b444addf88107c0fda2' -> (Import Result ID: '6e6b89d44cae1c58ac8dd6cdd8166e0e') in 0.006 seconds [static and dynamic dependencies]. Details - ImportResultOutputID=d72cfea16a244357f6eef8c7e82e9d00 DependenciesID=bd4d05827bc1c7b93bc1ce791936ee58 StaticDependenciesID=069fdb807205fd8a20f332eb16ae60f3 
Number of updated asset objects reloaded before import = 0
Number of asset objects unloaded after import = 1
========================================================================
Received Import Request.
  Time of request: 2026-09-30T11:08:15.073121Z
  Time since last request: 0.000878958 seconds.
  importAddress: GUID: eb70932bab3d971408c011dbb45767a9 - Path: Assets/Imported_Aseests/TerrainSampleAssets/Textures/Terrain/Grass_B_Normal.tif - Importer: ScriptedImporter/UnityEditor.QuickSearchModule:UnityEditor.Search:ASIAI0B
Importing 'GUID: eb70932bab3d971408c011dbb45767a9 - Path: Assets/Imported_Aseests/TerrainSampleAssets/Textures/Terrain/Grass_B_Normal.tif - Importer: ScriptedImporter/UnityEditor.QuickSearchModule:UnityEditor.Search:ASIAI0B' with importer (ScriptedImporter : UnityEditor.QuickSearchModule:UnityEditor.Search:ASIAI0B)
Imported 'GUID: eb70932bab3d971408c011dbb45767a9' -> (Import Result ID: 'a31343059a900b0696ee3215fe6aa99a') in 0.008 seconds [static and dynamic dependencies]. Details - ImportResultOutputID=9895400038ed79e2b6e3ad1e36221f1e DependenciesID=ef34476ac6e1aa24fa769c3845759b33 StaticDependenciesID=e91502dcb444b2a70bd854a0e57d6bfc 
Number of updated asset objects reloaded before import = 0
Number of asset objects unloaded after import = 1
========================================================================
Received Import Request.
  Time of request: 2026-09-30T11:08:15.099607Z
  Time since last request: 0.00029075 seconds.
  importAddress: GUID: 32c701976955001429b200f33da0d4a9 - Path: Assets/Imported_Aseests/TerrainSampleAssets/Textures/Terrain/Sand_MaskMap.tif - Importer: ScriptedImporter/UnityEditor.QuickSearchModule:UnityEditor.Search:ASIAI0B
Importing 'GUID: 32c701976955001429b200f33da0d4a9 - Path: Assets/Imported_Aseests/TerrainSampleAssets/Textures/Terrain/Sand_MaskMap.tif - Importer: ScriptedImporter/UnityEditor.QuickSearchModule:UnityEditor.Search:ASIAI0B' with importer (ScriptedImporter : UnityEditor.QuickSearchModule:UnityEditor.Search:ASIAI0B)
Imported 'GUID: 32c701976955001429b200f33da0d4a9' -> (Import Result ID: '6b968cffe580cacce7f8396a230ea4e6') in 0.006 seconds [static and dynamic dependencies]. Details - ImportResultOutputID=42c44ff72e4c859c72d046d6745302c8 DependenciesID=15add559924e28632597e79ea8307e04 StaticDependenciesID=7f7e2b11fd519087cae3eda0f0853d19 
Number of updated asset objects reloaded before import = 0
Number of asset objects unloaded after import = 1
========================================================================
Received Import Request.
  Time of request: 2026-09-30T11:08:15.124582Z
  Time since last request: 0.000597208 seconds.
  importAddress: GUID: 7ddc1e59f6e82cc4693b55b0badb4aa3 - Path: Assets/Imported_Aseests/TerrainSampleAssets/TerrainBrushes/Terrainstamp_Canyon02_Brush.brush - Importer: ScriptedImporter/UnityEditor.QuickSearchModule:UnityEditor.Search:ASIAI0B
Importing 'GUID: 7ddc1e59f6e82cc4693b55b0badb4aa3 - Path: Assets/Imported_Aseests/TerrainSampleAssets/TerrainBrushes/Terrainstamp_Canyon02_Brush.brush - Importer: ScriptedImporter/UnityEditor.QuickSearchModule:UnityEditor.Search:ASIAI0B' with importer (ScriptedImporter : UnityEditor.QuickSearchModule:UnityEditor.Search:ASIAI0B)
Imported 'GUID: 7ddc1e59f6e82cc4693b55b0badb4aa3' -> (Import Result ID: 'd80b0689721d24acf7368418fc7cd165') in 0.004 seconds [static and dynamic dependencies]. Details - ImportResultOutputID=482910756a753dc60eaf206d2f3bd393 DependenciesID=5cdce1e22393e2aaff7849941973dd86 StaticDependenciesID=66cac034a3e69682faf433571d507f6f 
Number of updated asset objects reloaded before import = 0
Number of asset objects unloaded after import = 2
========================================================================
Received Import Request.
  Time of request: 2026-09-30T11:08:15.1498Z
  Time since last request: 0.000567167 seconds.
  importAddress: GUID: 4bbbe659961263d4390b9322f0328fe0 - Path: Assets/Imported_Aseests/TerrainSampleAssets/TerrainBrushes/Terrainstamp_Slope03_Brush.brush - Importer: ScriptedImporter/UnityEditor.QuickSearchModule:UnityEditor.Search:ASIAI0B
Importing 'GUID: 4bbbe659961263d4390b9322f0328fe0 - Path: Assets/Imported_Aseests/TerrainSampleAssets/TerrainBrushes/Terrainstamp_Slope03_Brush.brush - Importer: ScriptedImporter/UnityEditor.QuickSearchModule:UnityEditor.Search:ASIAI0B' with importer (ScriptedImporter : UnityEditor.QuickSearchModule:UnityEditor.Search:ASIAI0B)
Imported 'GUID: 4bbbe659961263d4390b9322f0328fe0' -> (Import Result ID: '96fc662c67d1b79182d4499eea87e562') in 0.005 seconds [static and dynamic dependencies]. Details - ImportResultOutputID=c578b3ab32839486fe639a8134c88914 DependenciesID=7596808711be8f4b1bdb04032a2b5db1 StaticDependenciesID=8a16c6cdf710951dfc2ed5bd5a37d723 
Number of updated asset objects reloaded before import = 0
Number of asset objects unloaded after import = 2
========================================================================
Received Import Request.
  Time of request: 2026-09-30T11:08:15.174013Z
  Time since last request: 0.000640167 seconds.
  importAddress: GUID: e318f31bebce62d48a648da3f8ba56c9 - Path: Assets/Imported_Aseests/TerrainSampleAssets/Textures/Terrain/Grass_B_BaseColor.tif - Importer: ScriptedImporter/UnityEditor.QuickSearchModule:UnityEditor.Search:ASIAI0B
Importing 'GUID: e318f31bebce62d48a648da3f8ba56c9 - Path: Assets/Imported_Aseests/TerrainSampleAssets/Textures/Terrain/Grass_B_BaseColor.tif - Importer: ScriptedImporter/UnityEditor.QuickSearchModule:UnityEditor.Search:ASIAI0B' with importer (ScriptedImporter : UnityEditor.QuickSearchModule:UnityEditor.Search:ASIAI0B)
Imported 'GUID: e318f31bebce62d48a648da3f8ba56c9' -> (Import Result ID: 'b435eec77456509c0cf7cf79db44e1d6') in 0.005 seconds [static and dynamic dependencies]. Details - ImportResultOutputID=a02883a1d7ddefec3f83a6109dc54d04 DependenciesID=537e712b1e9bf95f3f20b2576017c837 StaticDependenciesID=4cf73fd06d7f07db1a843c15fcf4e2ae 
Number of updated asset objects reloaded before import = 0
Number of asset objects unloaded after import = 1
========================================================================
Received Import Request.
  Time of request: 2026-09-30T11:08:15.199596Z
  Time since last request: 0.00028875 seconds.
  importAddress: GUID: 4786e2698ac97a949a9209febfcbd49b - Path: Assets/Imported_Aseests/TerrainSampleAssets/Prefabs/Fern_C.prefab - Importer: ScriptedImporter/UnityEditor.QuickSearchModule:UnityEditor.Search:ASIAI0B
Importing 'GUID: 4786e2698ac97a949a9209febfcbd49b - Path: Assets/Imported_Aseests/TerrainSampleAssets/Prefabs/Fern_C.prefab - Importer: ScriptedImporter/UnityEditor.QuickSearchModule:UnityEditor.Search:ASIAI0B' with importer (ScriptedImporter : UnityEditor.QuickSearchModule:UnityEditor.Search:ASIAI0B)
Imported 'GUID: 4786e2698ac97a949a9209febfcbd49b' -> (Import Result ID: '4f8de4b48e841bcd610500e0f7b1a758') in 0.007 seconds [static and dynamic dependencies]. Details - ImportResultOutputID=cdeabc4410fa29c32626ef17206ca7aa DependenciesID=d66e4f8749ce7b49a4ceeb3239dccfb4 StaticDependenciesID=66ddede0b4e5a604f36b8bfd1a33b45b 
Number of updated asset objects reloaded before import = 0
Number of asset objects unloaded after import = 9
========================================================================
Received Import Request.
  Time of request: 2026-09-30T11:08:15.225621Z
  Time since last request: 0.000211791 seconds.
  importAddress: GUID: da02531a879811e48a7f7766744588c8 - Path: Assets/Imported_Aseests/TerrainSampleAssets/Textures/Heightmaps/Slope02_Heightmap.tiff - Importer: ScriptedImporter/UnityEditor.QuickSearchModule:UnityEditor.Search:ASIAI0B
Importing 'GUID: da02531a879811e48a7f7766744588c8 - Path: Assets/Imported_Aseests/TerrainSampleAssets/Textures/Heightmaps/Slope02_Heightmap.tiff - Importer: ScriptedImporter/UnityEditor.QuickSearchModule:UnityEditor.Search:ASIAI0B' with importer (ScriptedImporter : UnityEditor.QuickSearchModule:UnityEditor.Search:ASIAI0B)
Imported 'GUID: da02531a879811e48a7f7766744588c8' -> (Import Result ID: 'b12e923391058d975371f4e8a313f469') in 0.006 seconds [static and dynamic dependencies]. Details - ImportResultOutputID=0ba687b5f154598e80bc837eadd9118b DependenciesID=a903b8a150f790ea42fe67f5e1b60f67 StaticDependenciesID=73c25d3f142507c656c0218ec3f15ec0 
Number of updated asset objects reloaded before import = 0
Number of asset objects unloaded after import = 1
========================================================================
Received Import Request.
  Time of request: 2026-09-30T11:08:15.25039Z
  Time since last request: 0.00058925 seconds.
  importAddress: GUID: 3771b24b1afb4bd4d86e3ba795b65a32 - Path: Assets/Imported_Aseests/TerrainSampleAssets/Textures/Heightmaps/Canyon05_Heightmap.tif - Importer: ScriptedImporter/UnityEditor.QuickSearchModule:UnityEditor.Search:ASIAI0B
Importing 'GUID: 3771b24b1afb4bd4d86e3ba795b65a32 - Path: Assets/Imported_Aseests/TerrainSampleAssets/Textures/Heightmaps/Canyon05_Heightmap.tif - Importer: ScriptedImporter/UnityEditor.QuickSearchModule:UnityEditor.Search:ASIAI0B' with importer (ScriptedImporter : UnityEditor.QuickSearchModule:UnityEditor.Search:ASIAI0B)
Imported 'GUID: 3771b24b1afb4bd4d86e3ba795b65a32' -> (Import Result ID: '3b616985b51c1eaee74790cdf80113f6') in 0.008 seconds [static and dynamic dependencies]. Details - ImportResultOutputID=0ff0b665057a9dd33f1b473ac000fde6 DependenciesID=a5369b68bec20ca4dd16d945d9765866 StaticDependenciesID=45d80a10278bd8c494371077ddff3efe 
Number of updated asset objects reloaded before import = 0
Number of asset objects unloaded after import = 1
========================================================================
Received Import Request.
  Time of request: 2026-09-30T11:08:15.278284Z
  Time since last request: 0.001152 seconds.
  importAddress: GUID: 043a3cc82df9fb94aba4f90d2009efc7 - Path: Assets/Imported_Aseests/TerrainSampleAssets/Textures/Heightmaps/Island01_Heightmap.tif - Importer: ScriptedImporter/UnityEditor.QuickSearchModule:UnityEditor.Search:ASIAI0B
Importing 'GUID: 043a3cc82df9fb94aba4f90d2009efc7 - Path: Assets/Imported_Aseests/TerrainSampleAssets/Textures/Heightmaps/Island01_Heightmap.tif - Importer: ScriptedImporter/UnityEditor.QuickSearchModule:UnityEditor.Search:ASIAI0B' with importer (ScriptedImporter : UnityEditor.QuickSearchModule:UnityEditor.Search:ASIAI0B)
Imported 'GUID: 043a3cc82df9fb94aba4f90d2009efc7' -> (Import Result ID: '699905ddc0e5ceeff22b7da9824537e3') in 0.004 seconds [static and dynamic dependencies]. Details - ImportResultOutputID=ef405fae92cd13f506025857e2caed2c DependenciesID=5b71329585c8f5b5b7641123efb5a6f3 StaticDependenciesID=fa2f6f821e8f4e3c35a16959d5b59090 
Number of updated asset objects reloaded before import = 0
Number of asset objects unloaded after import = 1
========================================================================
Received Import Request.
  Time of request: 2026-09-30T11:08:15.301386Z
  Time since last request: 0.000647375 seconds.
  importAddress: GUID: d5a7b708862dd0a449b4bccbefdd2335 - Path: Assets/Imported_Aseests/TerrainSampleAssets/Textures/Details/Fern_MaskMap.tif - Importer: ScriptedImporter/UnityEditor.QuickSearchModule:UnityEditor.Search:ASIAI0B
Importing 'GUID: d5a7b708862dd0a449b4bccbefdd2335 - Path: Assets/Imported_Aseests/TerrainSampleAssets/Textures/Details/Fern_MaskMap.tif - Importer: ScriptedImporter/UnityEditor.QuickSearchModule:UnityEditor.Search:ASIAI0B' with importer (ScriptedImporter : UnityEditor.QuickSearchModule:UnityEditor.Search:ASIAI0B)
Imported 'GUID: d5a7b708862dd0a449b4bccbefdd2335' -> (Import Result ID: '17daa6c082e20d9c76d8934de96cc707') in 0.004 seconds [static and dynamic dependencies]. Details - ImportResultOutputID=98c8682ae53480c725dd4831fe44c504 DependenciesID=e116645dc70acc0210b815b4ca4060a0 StaticDependenciesID=412cb4e38a8b78ac85194833796707f8 
Number of updated asset objects reloaded before import = 0
Number of asset objects unloaded after import = 1
========================================================================
Received Import Request.
  Time of request: 2026-09-30T11:08:15.32444Z
  Time since last request: 0.000532084 seconds.
  importAddress: GUID: 091511b8c4f042c4082a4d5af73e92c7 - Path: Assets/Imported_Aseests/TerrainSampleAssets/TerrainLayers/Muddy_TerrainLayer.terrainlayer - Importer: ScriptedImporter/UnityEditor.QuickSearchModule:UnityEditor.Search:ASIAI0B
Importing 'GUID: 091511b8c4f042c4082a4d5af73e92c7 - Path: Assets/Imported_Aseests/TerrainSampleAssets/TerrainLayers/Muddy_TerrainLayer.terrainlayer - Importer: ScriptedImporter/UnityEditor.QuickSearchModule:UnityEditor.Search:ASIAI0B' with importer (ScriptedImporter : UnityEditor.QuickSearchModule:UnityEditor.Search:ASIAI0B)
Imported 'GUID: 091511b8c4f042c4082a4d5af73e92c7' -> (Import Result ID: 'bdc1cf686600a45c4ceff8a2f7ac176f') in 0.014 seconds [static and dynamic dependencies]. Details - ImportResultOutputID=9cd8419fee4119a63c0b54ad578ac1a0 DependenciesID=21c7fec2897284fbf9010e4553c201b0 StaticDependenciesID=fad0a6cec9ee41555c0dc620b7559c21 
Number of updated asset objects reloaded before import = 0
Number of asset objects unloaded after import = 4
========================================================================
Received Import Request.
  Time of request: 2026-09-30T11:08:15.359172Z
  Time since last request: 0.000758708 seconds.
  importAddress: GUID: a757b66aa1cbcbe4595dd37a3729ba24 - Path: Assets/Imported_Aseests/TerrainSampleAssets/TerrainBrushes/Soft_Round_Brush.brush - Importer: ScriptedImporter/UnityEditor.QuickSearchModule:UnityEditor.Search:ASIAI0B
Importing 'GUID: a757b66aa1cbcbe4595dd37a3729ba24 - Path: Assets/Imported_Aseests/TerrainSampleAssets/TerrainBrushes/Soft_Round_Brush.brush - Importer: ScriptedImporter/UnityEditor.QuickSearchModule:UnityEditor.Search:ASIAI0B' with importer (ScriptedImporter : UnityEditor.QuickSearchModule:UnityEditor.Search:ASIAI0B)
Imported 'GUID: a757b66aa1cbcbe4595dd37a3729ba24' -> (Import Result ID: '63811570d0ebb40f4d4e2866f100a30b') in 0.003 seconds [static and dynamic dependencies]. Details - ImportResultOutputID=07981ba215dd239aa7cd687d727a5e2e DependenciesID=427f0b86988bacc4ef84c147fcf022e0 StaticDependenciesID=acb1d7bcb6297c6bca6030c336814042 
Number of updated asset objects reloaded before import = 0
Number of asset objects unloaded after import = 2
========================================================================
Received Import Request.
  Time of request: 2026-09-30T11:08:15.380919Z
  Time since last request: 0.000434542 seconds.
  importAddress: GUID: bac2ee7bfc3dea8438d082adcfe5219b - Path: Assets/Imported_Aseests/TerrainSampleAssets/Textures/Heightmaps/Slope04_Heightmap.tiff - Importer: ScriptedImporter/UnityEditor.QuickSearchModule:UnityEditor.Search:ASIAI0B
Importing 'GUID: bac2ee7bfc3dea8438d082adcfe5219b - Path: Assets/Imported_Aseests/TerrainSampleAssets/Textures/Heightmaps/Slope04_Heightmap.tiff - Importer: ScriptedImporter/UnityEditor.QuickSearchModule:UnityEditor.Search:ASIAI0B' with importer (ScriptedImporter : UnityEditor.QuickSearchModule:UnityEditor.Search:ASIAI0B)
Imported 'GUID: bac2ee7bfc3dea8438d082adcfe5219b' -> (Import Result ID: 'bf20d282185fa8c223e01a77994d9172') in 0.010 seconds [static and dynamic dependencies]. Details - ImportResultOutputID=9497150fb1f0eba4b4432f49ca93b309 DependenciesID=478ee2ca2dc0acae7a97c3df983f992e StaticDependenciesID=5b3352786784b88f1703caea093fb548 
Number of updated asset objects reloaded before import = 0
Number of asset objects unloaded after import = 1
========================================================================
Received Import Request.
  Time of request: 2026-09-30T11:08:15.41008Z
  Time since last request: 0.000529041 seconds.
  importAddress: GUID: 5f245f896176c8142bea5666a89372dc - Path: Assets/Imported_Aseests/TerrainSampleAssets/ShaderGraphs/CustomFunctions/CustomLighting.hlsl - Importer: ScriptedImporter/UnityEditor.QuickSearchModule:UnityEditor.Search:ASIAI0B
Importing 'GUID: 5f245f896176c8142bea5666a89372dc - Path: Assets/Imported_Aseests/TerrainSampleAssets/ShaderGraphs/CustomFunctions/CustomLighting.hlsl - Importer: ScriptedImporter/UnityEditor.QuickSearchModule:UnityEditor.Search:ASIAI0B' with importer (ScriptedImporter : UnityEditor.QuickSearchModule:UnityEditor.Search:ASIAI0B)
Imported 'GUID: 5f245f896176c8142bea5666a89372dc' -> (Import Result ID: '44ae2f98f9666146c1c1fcaba99c61a9') in 0.002 seconds [static and dynamic dependencies]. Details - ImportResultOutputID=a578e4aada1ca673f6c94487a8b97c43 DependenciesID=58a7730886af2301ad88a63b197eafa5 StaticDependenciesID=08f36ec28a699250341cec87bf1935d2 
Number of updated asset objects reloaded before import = 0
Number of asset objects unloaded after import = 1
========================================================================
Received Import Request.
  Time of request: 2026-09-30T11:08:15.431265Z
  Time since last request: 0.00047875 seconds.
  importAddress: GUID: 34620cf8cdb76ba4b9af2acb627f7846 - Path: Assets/Imported_Aseests/TerrainSampleAssets/Models/GrassDry_B.asset - Importer: ScriptedImporter/UnityEditor.QuickSearchModule:UnityEditor.Search:ASIAI0B
Importing 'GUID: 34620cf8cdb76ba4b9af2acb627f7846 - Path: Assets/Imported_Aseests/TerrainSampleAssets/Models/GrassDry_B.asset - Importer: ScriptedImporter/UnityEditor.QuickSearchModule:UnityEditor.Search:ASIAI0B' with importer (ScriptedImporter : UnityEditor.QuickSearchModule:UnityEditor.Search:ASIAI0B)
Imported 'GUID: 34620cf8cdb76ba4b9af2acb627f7846' -> (Import Result ID: '08faffdd2bb584c1d8ebbe157a48affc') in 0.003 seconds [static and dynamic dependencies]. Details - ImportResultOutputID=af37fd65c0ecd9ef6e42d465deceb0c0 DependenciesID=b1a893e0c913129c01551dfc20456bb0 StaticDependenciesID=833b8997aebe430521d47ea895f6847d 
Number of updated asset objects reloaded before import = 0
Number of asset objects unloaded after import = 1
========================================================================
Received Import Request.
  Time of request: 2026-09-30T11:08:15.532451Z
  Time since last request: 0.079210458 seconds.
  importAddress: GUID: b38901ae2e7149540aaa7fe2697aba3e - Path: Assets/Imported_Aseests/TerrainSampleAssets/Textures/Heightmaps/Ridge_Edge01_Heightmap.tif - Importer: ScriptedImporter/UnityEditor.QuickSearchModule:UnityEditor.Search:ASIAI0B
Importing 'GUID: b38901ae2e7149540aaa7fe2697aba3e - Path: Assets/Imported_Aseests/TerrainSampleAssets/Textures/Heightmaps/Ridge_Edge01_Heightmap.tif - Importer: ScriptedImporter/UnityEditor.QuickSearchModule:UnityEditor.Search:ASIAI0B' with importer (ScriptedImporter : UnityEditor.QuickSearchModule:UnityEditor.Search:ASIAI0B)
Imported 'GUID: b38901ae2e7149540aaa7fe2697aba3e' -> (Import Result ID: '310cb30552492b89a2ab76e17a00582f') in 0.005 seconds [static and dynamic dependencies]. Details - ImportResultOutputID=e535bf279a755e8168dc486c126b8e91 DependenciesID=7b9f9d6cfa414fc99efd776aff9e85f1 StaticDependenciesID=067bd6ad744a131bd23c5c0ffc56be9c 
Number of updated asset objects reloaded before import = 0
Number of asset objects unloaded after import = 1
========================================================================
Received Import Request.
  Time of request: 2026-09-30T11:08:15.563861Z
  Time since last request: 0.000956875 seconds.
  importAddress: GUID: 6629880e46886724fa0107d3035304e6 - Path: Assets/Imported_Aseests/TerrainSampleAssets/Prefabs/Fern_A.prefab - Importer: ScriptedImporter/UnityEditor.QuickSearchModule:UnityEditor.Search:ASIAI0B
Importing 'GUID: 6629880e46886724fa0107d3035304e6 - Path: Assets/Imported_Aseests/TerrainSampleAssets/Prefabs/Fern_A.prefab - Importer: ScriptedImporter/UnityEditor.QuickSearchModule:UnityEditor.Search:ASIAI0B' with importer (ScriptedImporter : UnityEditor.QuickSearchModule:UnityEditor.Search:ASIAI0B)
Imported 'GUID: 6629880e46886724fa0107d3035304e6' -> (Import Result ID: 'a3953019f61ef2f23cb2e169d894360c') in 0.007 seconds [static and dynamic dependencies]. Details - ImportResultOutputID=7e38fb827555aee7ec1bafbfcaf6b04a DependenciesID=cd5caa883ed198843775110505223935 StaticDependenciesID=d881d087e1b5d22bbaf85b5c6d29b10a 
Number of updated asset objects reloaded before import = 0
Number of asset objects unloaded after import = 9
========================================================================
Received Import Request.
  Time of request: 2026-09-30T11:08:15.59045Z
  Time since last request: 0.000033917 seconds.
  importAddress: GUID: d39a1b9e5d5c7b9499f579fa5c70a2a3 - Path: Assets/Imported_Aseests/TerrainSampleAssets/Textures/Terrain/Rock_Normal.tif - Importer: ScriptedImporter/UnityEditor.QuickSearchModule:UnityEditor.Search:ASIAI0B
Importing 'GUID: d39a1b9e5d5c7b9499f579fa5c70a2a3 - Path: Assets/Imported_Aseests/TerrainSampleAssets/Textures/Terrain/Rock_Normal.tif - Importer: ScriptedImporter/UnityEditor.QuickSearchModule:UnityEditor.Search:ASIAI0B' with importer (ScriptedImporter : UnityEditor.QuickSearchModule:UnityEditor.Search:ASIAI0B)
Imported 'GUID: d39a1b9e5d5c7b9499f579fa5c70a2a3' -> (Import Result ID: 'e3476623495abc412ef2da48435c7806') in 0.007 seconds [static and dynamic dependencies]. Details - ImportResultOutputID=c5aaa1de8b3489ac75da5e0ccd5580e3 DependenciesID=5abadbe343a3f971b8e5403d7df32e3d StaticDependenciesID=035a7689e31d761715af740228c4d3c3 
Number of updated asset objects reloaded before import = 0
Number of asset objects unloaded after import = 1
========================================================================
Received Import Request.
  Time of request: 2026-09-30T11:08:15.615517Z
  Time since last request: 0.000962375 seconds.
  importAddress: GUID: 776f9b3da89f9394cac9a53aab9a5eb5 - Path: Assets/Imported_Aseests/TerrainSampleAssets/TerrainBrushes/Terrainstamp_Ridge01_Brush.brush - Importer: ScriptedImporter/UnityEditor.QuickSearchModule:UnityEditor.Search:ASIAI0B
Importing 'GUID: 776f9b3da89f9394cac9a53aab9a5eb5 - Path: Assets/Imported_Aseests/TerrainSampleAssets/TerrainBrushes/Terrainstamp_Ridge01_Brush.brush - Importer: ScriptedImporter/UnityEditor.QuickSearchModule:UnityEditor.Search:ASIAI0B' with importer (ScriptedImporter : UnityEditor.QuickSearchModule:UnityEditor.Search:ASIAI0B)
Imported 'GUID: 776f9b3da89f9394cac9a53aab9a5eb5' -> (Import Result ID: '156bf9ae472fd5886b18cd2a35a2e089') in 0.009 seconds [static and dynamic dependencies]. Details - ImportResultOutputID=5b899905085aecb2cf6bfed96c69ce92 DependenciesID=b32c1730a4f8032c3db3e0ba79ec55bf StaticDependenciesID=3268dde43146ab3f387be0f36c6eae58 
Number of updated asset objects reloaded before import = 0
Number of asset objects unloaded after import = 2
========================================================================
Received Import Request.
  Time of request: 2026-09-30T11:08:15.644Z
  Time since last request: 0.000717417 seconds.
  importAddress: GUID: 77efac6da14b90f48895b89d90b5ef3f - Path: Assets/Imported_Aseests/TerrainSampleAssets/Textures/Details/GrassDry_Thickness.tif - Importer: ScriptedImporter/UnityEditor.QuickSearchModule:UnityEditor.Search:ASIAI0B
Importing 'GUID: 77efac6da14b90f48895b89d90b5ef3f - Path: Assets/Imported_Aseests/TerrainSampleAssets/Textures/Details/GrassDry_Thickness.tif - Importer: ScriptedImporter/UnityEditor.QuickSearchModule:UnityEditor.Search:ASIAI0B' with importer (ScriptedImporter : UnityEditor.QuickSearchModule:UnityEditor.Search:ASIAI0B)
Imported 'GUID: 77efac6da14b90f48895b89d90b5ef3f' -> (Import Result ID: '23f5a6171ef3d258f6ec807aef2c07d1') in 0.004 seconds [static and dynamic dependencies]. Details - ImportResultOutputID=9bc81d543eb9eaa3358ef8b1bf3385e0 DependenciesID=eb3330c34f272890a8e0866bd35a07b9 StaticDependenciesID=4ef3689302caf999e85f9e2900768d70 
Number of updated asset objects reloaded before import = 0
Number of asset objects unloaded after import = 1
========================================================================
Received Import Request.
  Time of request: 2026-09-30T11:08:15.665561Z
  Time since last request: 0.000687209 seconds.
  importAddress: GUID: 0ae4396d11e334e4daf11922ac1f175f - Path: Assets/Imported_Aseests/TerrainSampleAssets/Textures/Heightmaps/Hills02_Heightmap.tiff - Importer: ScriptedImporter/UnityEditor.QuickSearchModule:UnityEditor.Search:ASIAI0B
Importing 'GUID: 0ae4396d11e334e4daf11922ac1f175f - Path: Assets/Imported_Aseests/TerrainSampleAssets/Textures/Heightmaps/Hills02_Heightmap.tiff - Importer: ScriptedImporter/UnityEditor.QuickSearchModule:UnityEditor.Search:ASIAI0B' with importer (ScriptedImporter : UnityEditor.QuickSearchModule:UnityEditor.Search:ASIAI0B)
Imported 'GUID: 0ae4396d11e334e4daf11922ac1f175f' -> (Import Result ID: 'b3980d600a412989bce8549552b2544d') in 0.009 seconds [static and dynamic dependencies]. Details - ImportResultOutputID=12fc8edbe88877fa2010e67046f4bbc3 DependenciesID=4e8f0181e17beb2f3ede68778a3fed58 StaticDependenciesID=6d9c84ce4215df2b921643aa0005364d 
Number of updated asset objects reloaded before import = 0
Number of asset objects unloaded after import = 1
========================================================================
Received Import Request.
  Time of request: 2026-09-30T11:08:15.694747Z
  Time since last request: 0.001893125 seconds.
  importAddress: GUID: bde7423cb35c64746b6b24c63040dcb0 - Path: Assets/Imported_Aseests/TerrainSampleAssets/Textures/Terrain/Grass_Soil_BaseColor.tif - Importer: ScriptedImporter/UnityEditor.QuickSearchModule:UnityEditor.Search:ASIAI0B
Importing 'GUID: bde7423cb35c64746b6b24c63040dcb0 - Path: Assets/Imported_Aseests/TerrainSampleAssets/Textures/Terrain/Grass_Soil_BaseColor.tif - Importer: ScriptedImporter/UnityEditor.QuickSearchModule:UnityEditor.Search:ASIAI0B' with importer (ScriptedImporter : UnityEditor.QuickSearchModule:UnityEditor.Search:ASIAI0B)
Imported 'GUID: bde7423cb35c64746b6b24c63040dcb0' -> (Import Result ID: '24d438633cf8a55c09c546b78efd69f5') in 0.004 seconds [static and dynamic dependencies]. Details - ImportResultOutputID=a70aa3f3b4b453d742eebcc0a0fafd19 DependenciesID=b8204ab2eece85dff21ff3544ae6c8aa StaticDependenciesID=242ddf82c60d9b0ec48191838ccac08d 
Number of updated asset objects reloaded before import = 0
Number of asset objects unloaded after import = 1
========================================================================
Received Import Request.
  Time of request: 2026-09-30T11:08:15.717841Z
  Time since last request: 0.001014 seconds.
  importAddress: GUID: 014d61beb3975e849b26bc42fbf17b42 - Path: Assets/Imported_Aseests/TerrainSampleAssets/TerrainBrushes/Terrainstamp_Ridge05_Brush.brush - Importer: ScriptedImporter/UnityEditor.QuickSearchModule:UnityEditor.Search:ASIAI0B
Importing 'GUID: 014d61beb3975e849b26bc42fbf17b42 - Path: Assets/Imported_Aseests/TerrainSampleAssets/TerrainBrushes/Terrainstamp_Ridge05_Brush.brush - Importer: ScriptedImporter/UnityEditor.QuickSearchModule:UnityEditor.Search:ASIAI0B' with importer (ScriptedImporter : UnityEditor.QuickSearchModule:UnityEditor.Search:ASIAI0B)
Imported 'GUID: 014d61beb3975e849b26bc42fbf17b42' -> (Import Result ID: '660bb8224bc2a558a71ab0277181ab1f') in 0.006 seconds [static and dynamic dependencies]. Details - ImportResultOutputID=2bfb4d7c4891039946e6b28dde2a5868 DependenciesID=5f14ffeb07cb0b1cd90b9f2f6d00af4e StaticDependenciesID=7bc12347108135297d22426c37f7598b 
Number of updated asset objects reloaded before import = 0
Number of asset objects unloaded after import = 2
========================================================================
Received Import Request.
  Time of request: 2026-09-30T11:08:15.743681Z
  Time since last request: 0.000887708 seconds.
  importAddress: GUID: bcd36bed575f11d42bc048f705b8b6a5 - Path: Assets/Imported_Aseests/TerrainSampleAssets/Textures/Details/Plant_Normal.tif - Importer: ScriptedImporter/UnityEditor.QuickSearchModule:UnityEditor.Search:ASIAI0B
Importing 'GUID: bcd36bed575f11d42bc048f705b8b6a5 - Path: Assets/Imported_Aseests/TerrainSampleAssets/Textures/Details/Plant_Normal.tif - Importer: ScriptedImporter/UnityEditor.QuickSearchModule:UnityEditor.Search:ASIAI0B' with importer (ScriptedImporter : UnityEditor.QuickSearchModule:UnityEditor.Search:ASIAI0B)
Imported 'GUID: bcd36bed575f11d42bc048f705b8b6a5' -> (Import Result ID: '539deb164d0e6553d3dd5cff68be4e1b') in 0.005 seconds [static and dynamic dependencies]. Details - ImportResultOutputID=9fdff45964fc8cd28615b2ff6b7e8785 DependenciesID=7cf64581815b9ef906da2361a9843ac5 StaticDependenciesID=e1ba0f930cdf9dbfc209f5c4e5572fb1 
Number of updated asset objects reloaded before import = 0
Number of asset objects unloaded after import = 1
========================================================================
Received Import Request.
  Time of request: 2026-09-30T11:08:15.765744Z
  Time since last request: 0.000235458 seconds.
  importAddress: GUID: 19f8f1dbc6e0e2a45aa2e518452ffa62 - Path: Assets/Imported_Aseests/TerrainSampleAssets/README.pdf - Importer: ScriptedImporter/UnityEditor.QuickSearchModule:UnityEditor.Search:ASIAI0B
Importing 'GUID: 19f8f1dbc6e0e2a45aa2e518452ffa62 - Path: Assets/Imported_Aseests/TerrainSampleAssets/README.pdf - Importer: ScriptedImporter/UnityEditor.QuickSearchModule:UnityEditor.Search:ASIAI0B' with importer (ScriptedImporter : UnityEditor.QuickSearchModule:UnityEditor.Search:ASIAI0B)
Imported 'GUID: 19f8f1dbc6e0e2a45aa2e518452ffa62' -> (Import Result ID: 'e4e3a124694047f7c35f6605263e7599') in 0.002 seconds [static and dynamic dependencies]. Details - ImportResultOutputID=c06aa3bf0f059d9c0c392f8b2f803ce4 DependenciesID=f4a267cee930526dcd0f6e1d3aa90150 StaticDependenciesID=b44044348601d5e0e12102b1028d2486 
Number of updated asset objects reloaded before import = 0
Number of asset objects unloaded after import = 1
========================================================================
Received Import Request.
  Time of request: 2026-09-30T11:08:15.785813Z
  Time since last request: 0.001040625 seconds.
  importAddress: GUID: 211a44eba6f5ca34ea3d3ac34bbc3469 - Path: Assets/Imported_Aseests/TerrainSampleAssets/Models/Heather_A.asset - Importer: ScriptedImporter/UnityEditor.QuickSearchModule:UnityEditor.Search:ASIAI0B
Importing 'GUID: 211a44eba6f5ca34ea3d3ac34bbc3469 - Path: Assets/Imported_Aseests/TerrainSampleAssets/Models/Heather_A.asset - Importer: ScriptedImporter/UnityEditor.QuickSearchModule:UnityEditor.Search:ASIAI0B' with importer (ScriptedImporter : UnityEditor.QuickSearchModule:UnityEditor.Search:ASIAI0B)
Imported 'GUID: 211a44eba6f5ca34ea3d3ac34bbc3469' -> (Import Result ID: 'd5d5bfff11ffe6d498f389a272a458b7') in 0.002 seconds [static and dynamic dependencies]. Details - ImportResultOutputID=0982cca810ab3ba067ea7750a001f667 DependenciesID=b072129beb27cea6e0e94796d691ddc9 StaticDependenciesID=e27d0e816b5a9de4bc04dbce95c943b5 
Number of updated asset objects reloaded before import = 0
Number of asset objects unloaded after import = 1
========================================================================
Received Import Request.
  Time of request: 2026-09-30T11:08:15.807203Z
  Time since last request: 0.000671125 seconds.
  importAddress: GUID: 83f03b3c2b2d5df40898d8c2123239ae - Path: Assets/Imported_Aseests/TerrainSampleAssets/Textures/Terrain/Sand_Normal.tif - Importer: ScriptedImporter/UnityEditor.QuickSearchModule:UnityEditor.Search:ASIAI0B
Importing 'GUID: 83f03b3c2b2d5df40898d8c2123239ae - Path: Assets/Imported_Aseests/TerrainSampleAssets/Textures/Terrain/Sand_Normal.tif - Importer: ScriptedImporter/UnityEditor.QuickSearchModule:UnityEditor.Search:ASIAI0B' with importer (ScriptedImporter : UnityEditor.QuickSearchModule:UnityEditor.Search:ASIAI0B)
Imported 'GUID: 83f03b3c2b2d5df40898d8c2123239ae' -> (Import Result ID: '0acd2ac43246b0d4e73f9626e5a3993d') in 0.007 seconds [static and dynamic dependencies]. Details - ImportResultOutputID=8e0365bb5c869b4aeb939fda32a0bb6d DependenciesID=afafbcc0da25102d536e0e03095023d7 StaticDependenciesID=b05a8af7564b381eec4e9df3700a0bda 
Number of updated asset objects reloaded before import = 0
Number of asset objects unloaded after import = 1
========================================================================
Received Import Request.
  Time of request: 2026-09-30T11:08:15.831908Z
  Time since last request: 0.00018525 seconds.
  importAddress: GUID: 3a23908d07382b448b4dbd8adef2c4a0 - Path: Assets/Imported_Aseests/TerrainSampleAssets/TerrainBrushes/Terrainstamp_Mountain11_Brush.brush - Importer: ScriptedImporter/UnityEditor.QuickSearchModule:UnityEditor.Search:ASIAI0B
Importing 'GUID: 3a23908d07382b448b4dbd8adef2c4a0 - Path: Assets/Imported_Aseests/TerrainSampleAssets/TerrainBrushes/Terrainstamp_Mountain11_Brush.brush - Importer: ScriptedImporter/UnityEditor.QuickSearchModule:UnityEditor.Search:ASIAI0B' with importer (ScriptedImporter : UnityEditor.QuickSearchModule:UnityEditor.Search:ASIAI0B)
Imported 'GUID: 3a23908d07382b448b4dbd8adef2c4a0' -> (Import Result ID: 'd07d2fd61a6638aa85a462393bcc1a74') in 0.006 seconds [static and dynamic dependencies]. Details - ImportResultOutputID=5c3f20ad78f9d6dad3109cf07d074e68 DependenciesID=f7e595029c6bfb1c35a740ef155f305b StaticDependenciesID=69cd5ea3a93ff702e4ddac6611d821dc 
Number of updated asset objects reloaded before import = 0
Number of asset objects unloaded after import = 2
========================================================================
Received Import Request.
  Time of request: 2026-09-30T11:08:15.856199Z
  Time since last request: 0.000625667 seconds.
  importAddress: GUID: 9bf68c6e5059e7549b60e91ca11987a6 - Path: Assets/Imported_Aseests/TerrainSampleAssets/Textures/Details/Grass_A_BaseColor.tif - Importer: ScriptedImporter/UnityEditor.QuickSearchModule:UnityEditor.Search:ASIAI0B
Importing 'GUID: 9bf68c6e5059e7549b60e91ca11987a6 - Path: Assets/Imported_Aseests/TerrainSampleAssets/Textures/Details/Grass_A_BaseColor.tif - Importer: ScriptedImporter/UnityEditor.QuickSearchModule:UnityEditor.Search:ASIAI0B' with importer (ScriptedImporter : UnityEditor.QuickSearchModule:UnityEditor.Search:ASIAI0B)
Imported 'GUID: 9bf68c6e5059e7549b60e91ca11987a6' -> (Import Result ID: '97cadcc42526e357195e80cfd71766ad') in 0.004 seconds [static and dynamic dependencies]. Details - ImportResultOutputID=d7628662f76adeb411bf3d8ba2a8af9f DependenciesID=9dff3e5b7f3a659208a5eb00d617e9e8 StaticDependenciesID=8adbfe6ae9c30e2af48ee02dd025f742 
Number of updated asset objects reloaded before import = 0
Number of asset objects unloaded after import = 1
========================================================================
Received Import Request.
  Time of request: 2026-09-30T11:08:15.878351Z
  Time since last request: 0.000308292 seconds.
  importAddress: GUID: 297a3ddfc901318499e15b3a0c8ec74d - Path: Assets/Imported_Aseests/TerrainSampleAssets/Textures/Terrain/Pebbles_C_Normal.tif - Importer: ScriptedImporter/UnityEditor.QuickSearchModule:UnityEditor.Search:ASIAI0B
Importing 'GUID: 297a3ddfc901318499e15b3a0c8ec74d - Path: Assets/Imported_Aseests/TerrainSampleAssets/Textures/Terrain/Pebbles_C_Normal.tif - Importer: ScriptedImporter/UnityEditor.QuickSearchModule:UnityEditor.Search:ASIAI0B' with importer (ScriptedImporter : UnityEditor.QuickSearchModule:UnityEditor.Search:ASIAI0B)
Imported 'GUID: 297a3ddfc901318499e15b3a0c8ec74d' -> (Import Result ID: 'afd48e1da2d1c1a5ec7bcda71722d164') in 0.005 seconds [static and dynamic dependencies]. Details - ImportResultOutputID=da59469938ec455948852f26cc0855fe DependenciesID=79f7ad1ddd84349ff1cbd734be7c1d6f StaticDependenciesID=1b9bf7d4ee779b6ce1c73d1e55e61b36 
Number of updated asset objects reloaded before import = 0
Number of asset objects unloaded after import = 1
========================================================================
Received Import Request.
  Time of request: 2026-09-30T11:08:15.901428Z
  Time since last request: 0.000299208 seconds.
  importAddress: GUID: e5a2f11e9d7a4da4caf17b3e59800215 - Path: Assets/Imported_Aseests/TerrainSampleAssets/TerrainBrushes/Terrainstamp_Volcano01_Brush.brush - Importer: ScriptedImporter/UnityEditor.QuickSearchModule:UnityEditor.Search:ASIAI0B
Importing 'GUID: e5a2f11e9d7a4da4caf17b3e59800215 - Path: Assets/Imported_Aseests/TerrainSampleAssets/TerrainBrushes/Terrainstamp_Volcano01_Brush.brush - Importer: ScriptedImporter/UnityEditor.QuickSearchModule:UnityEditor.Search:ASIAI0B' with importer (ScriptedImporter : UnityEditor.QuickSearchModule:UnityEditor.Search:ASIAI0B)
Imported 'GUID: e5a2f11e9d7a4da4caf17b3e59800215' -> (Import Result ID: '550cf104d17ca48e306246095acca7fd') in 0.006 seconds [static and dynamic dependencies]. Details - ImportResultOutputID=8e26f3b3d5b64d6402dc242a8bb226f8 DependenciesID=8fa7772f2668225712996f207106eaed StaticDependenciesID=04054b59f18de10c47deb0dc27396592 
Number of updated asset objects reloaded before import = 0
Number of asset objects unloaded after import = 2
========================================================================
Received Import Request.
  Time of request: 2026-09-30T11:08:15.925673Z
  Time since last request: 0.000710459 seconds.
  importAddress: GUID: abaa3d4f433df074389559003412235d - Path: Assets/Imported_Aseests/TerrainSampleAssets/Textures/Terrain/Pebbles_B_Normal.tif - Importer: ScriptedImporter/UnityEditor.QuickSearchModule:UnityEditor.Search:ASIAI0B
Importing 'GUID: abaa3d4f433df074389559003412235d - Path: Assets/Imported_Aseests/TerrainSampleAssets/Textures/Terrain/Pebbles_B_Normal.tif - Importer: ScriptedImporter/UnityEditor.QuickSearchModule:UnityEditor.Search:ASIAI0B' with importer (ScriptedImporter : UnityEditor.QuickSearchModule:UnityEditor.Search:ASIAI0B)
Imported 'GUID: abaa3d4f433df074389559003412235d' -> (Import Result ID: 'f2e9aa3ce9de076c310b2ce9d7f7261b') in 0.008 seconds [static and dynamic dependencies]. Details - ImportResultOutputID=1f9799e73fdb635d1c35666e18f7253f DependenciesID=85798f0192066563847382dbaec761b7 StaticDependenciesID=651e7cd41a0dcdbdcbffa2d0720afee2 
Number of updated asset objects reloaded before import = 0
Number of asset objects unloaded after import = 1
========================================================================
Received Import Request.
  Time of request: 2026-09-30T11:08:15.954459Z
  Time since last request: 0.000781458 seconds.
  importAddress: GUID: c671cabf34dd5314ca28492ced9c9001 - Path: Assets/Imported_Aseests/TerrainSampleAssets/Models/Plant_C.asset - Importer: ScriptedImporter/UnityEditor.QuickSearchModule:UnityEditor.Search:ASIAI0B
Importing 'GUID: c671cabf34dd5314ca28492ced9c9001 - Path: Assets/Imported_Aseests/TerrainSampleAssets/Models/Plant_C.asset - Importer: ScriptedImporter/UnityEditor.QuickSearchModule:UnityEditor.Search:ASIAI0B' with importer (ScriptedImporter : UnityEditor.QuickSearchModule:UnityEditor.Search:ASIAI0B)
Imported 'GUID: c671cabf34dd5314ca28492ced9c9001' -> (Import Result ID: 'bff5ed568a643061d08b3dc5c252efe9') in 0.002 seconds [static and dynamic dependencies]. Details - ImportResultOutputID=cf05c6033a270a91546a69840d1afdbb DependenciesID=3036efd5cc351a6843b916439d7257b4 StaticDependenciesID=b3352de535cbd1f5800d1061ccd9a7b4 
Number of updated asset objects reloaded before import = 0
Number of asset objects unloaded after import = 1
========================================================================
Received Import Request.
  Time of request: 2026-09-30T11:08:15.974308Z
  Time since last request: 0.000631584 seconds.
  importAddress: GUID: 8abd4e7f6f86e8b4cb4820fea28b8f34 - Path: Assets/Imported_Aseests/TerrainSampleAssets/Textures/Terrain/Pebbles_A_MaskMap.tif - Importer: ScriptedImporter/UnityEditor.QuickSearchModule:UnityEditor.Search:ASIAI0B
Importing 'GUID: 8abd4e7f6f86e8b4cb4820fea28b8f34 - Path: Assets/Imported_Aseests/TerrainSampleAssets/Textures/Terrain/Pebbles_A_MaskMap.tif - Importer: ScriptedImporter/UnityEditor.QuickSearchModule:UnityEditor.Search:ASIAI0B' with importer (ScriptedImporter : UnityEditor.QuickSearchModule:UnityEditor.Search:ASIAI0B)
Imported 'GUID: 8abd4e7f6f86e8b4cb4820fea28b8f34' -> (Import Result ID: '75cd4ca927acd4c0a4ebbb8e7144d1eb') in 0.005 seconds [static and dynamic dependencies]. Details - ImportResultOutputID=627b1b1cd158245e9c4ec7b17b4cf505 DependenciesID=077b411e775d7b3f4f11856b80551ae2 StaticDependenciesID=a17c27bac5708c2832aac9bb62096670 
Number of updated asset objects reloaded before import = 0
Number of asset objects unloaded after import = 1
========================================================================
Received Import Request.
  Time of request: 2026-09-30T11:08:15.998205Z
  Time since last request: 0.001175291 seconds.
  importAddress: GUID: 00eadd7ea2cbbf14ca338babf410bdf4 - Path: Assets/Imported_Aseests/TerrainSampleAssets/Textures/Terrain/Pebbles_A_Normal.tif - Importer: ScriptedImporter/UnityEditor.QuickSearchModule:UnityEditor.Search:ASIAI0B
Importing 'GUID: 00eadd7ea2cbbf14ca338babf410bdf4 - Path: Assets/Imported_Aseests/TerrainSampleAssets/Textures/Terrain/Pebbles_A_Normal.tif - Importer: ScriptedImporter/UnityEditor.QuickSearchModule:UnityEditor.Search:ASIAI0B' with importer (ScriptedImporter : UnityEditor.QuickSearchModule:UnityEditor.Search:ASIAI0B)
Imported 'GUID: 00eadd7ea2cbbf14ca338babf410bdf4' -> (Import Result ID: '0662829e9a5dfa621560e7b2cc6557ca') in 0.006 seconds [static and dynamic dependencies]. Details - ImportResultOutputID=9dae140b3b3a0399eb2398c8ee057149 DependenciesID=ce9357dc36bc2942f26ba2ac3c59ee3f StaticDependenciesID=cbabf022bab85e4a92bba99feecb2569 
Number of updated asset objects reloaded before import = 0
Number of asset objects unloaded after import = 1
========================================================================
Received Import Request.
  Time of request: 2026-09-30T11:08:16.022234Z
  Time since last request: 0.000683042 seconds.
  importAddress: GUID: b5fcb6edb24b4544dbcf0dad9462ee5b - Path: Assets/Imported_Aseests/TerrainSampleAssets/TerrainLayers/Tidal_Pools_TerrainLayer.terrainlayer - Importer: ScriptedImporter/UnityEditor.QuickSearchModule:UnityEditor.Search:ASIAI0B
Importing 'GUID: b5fcb6edb24b4544dbcf0dad9462ee5b - Path: Assets/Imported_Aseests/TerrainSampleAssets/TerrainLayers/Tidal_Pools_TerrainLayer.terrainlayer - Importer: ScriptedImporter/UnityEditor.QuickSearchModule:UnityEditor.Search:ASIAI0B' with importer (ScriptedImporter : UnityEditor.QuickSearchModule:UnityEditor.Search:ASIAI0B)
Imported 'GUID: b5fcb6edb24b4544dbcf0dad9462ee5b' -> (Import Result ID: '47f41777ac46d3cc88d5a2743ac459fd') in 0.011 seconds [static and dynamic dependencies]. Details - ImportResultOutputID=4d010b0c329f5ed2a93dd826373689fc DependenciesID=48bdbb10ec61f766b878a9e14d5db98f StaticDependenciesID=53160ef3e6cbbbb2c735c9f6fefe8517 
Number of updated asset objects reloaded before import = 0
Number of asset objects unloaded after import = 4
========================================================================
Received Import Request.
  Time of request: 2026-09-30T11:08:16.051761Z
  Time since last request: 0.000814125 seconds.
  importAddress: GUID: 408677bd09874114a90a745e08fd2112 - Path: Assets/Imported_Aseests/TerrainSampleAssets/ThirdPartyNotices.txt - Importer: ScriptedImporter/UnityEditor.QuickSearchModule:UnityEditor.Search:ASIAI0B
Importing 'GUID: 408677bd09874114a90a745e08fd2112 - Path: Assets/Imported_Aseests/TerrainSampleAssets/ThirdPartyNotices.txt - Importer: ScriptedImporter/UnityEditor.QuickSearchModule:UnityEditor.Search:ASIAI0B' with importer (ScriptedImporter : UnityEditor.QuickSearchModule:UnityEditor.Search:ASIAI0B)
Imported 'GUID: 408677bd09874114a90a745e08fd2112' -> (Import Result ID: '1b9b52728763d04d76139ac6a6540cbf') in 0.003 seconds [static and dynamic dependencies]. Details - ImportResultOutputID=43af54e116f7bd625b855452a2145f62 DependenciesID=d2f9cd0c5689fdf41759b122a6390749 StaticDependenciesID=eba03587f5748e52f52e6fc6a59d2e00 
Number of updated asset objects reloaded before import = 0
Number of asset objects unloaded after import = 1
========================================================================
Received Import Request.
  Time of request: 2026-09-30T11:08:16.07333Z
  Time since last request: 0.000462125 seconds.
  importAddress: GUID: eb0c8b2f7b0da9944ae8e4156f2ec349 - Path: Assets/Imported_Aseests/TerrainSampleAssets/Textures/Details/Plant_Thickness.tif - Importer: ScriptedImporter/UnityEditor.QuickSearchModule:UnityEditor.Search:ASIAI0B
Importing 'GUID: eb0c8b2f7b0da9944ae8e4156f2ec349 - Path: Assets/Imported_Aseests/TerrainSampleAssets/Textures/Details/Plant_Thickness.tif - Importer: ScriptedImporter/UnityEditor.QuickSearchModule:UnityEditor.Search:ASIAI0B' with importer (ScriptedImporter : UnityEditor.QuickSearchModule:UnityEditor.Search:ASIAI0B)
Imported 'GUID: eb0c8b2f7b0da9944ae8e4156f2ec349' -> (Import Result ID: 'f6fd368238e5aafebf4a3ceee06271d4') in 0.012 seconds [static and dynamic dependencies]. Details - ImportResultOutputID=5ff0d1ac318156855dbbec50f8d3869e DependenciesID=703158b5f86769a75201b18aaa35aa7f StaticDependenciesID=4d5ea7e6becc955b69bebe7baf8e7230 
Number of updated asset objects reloaded before import = 0
Number of asset objects unloaded after import = 1
========================================================================
Received Import Request.
  Time of request: 2026-09-30T11:08:16.105626Z
  Time since last request: 0.001835292 seconds.
  importAddress: GUID: 054bf5cf244ff2e4083cbf8eca205cf0 - Path: Assets/Imported_Aseests/TerrainSampleAssets/Prefabs/BushDry_B.prefab - Importer: ScriptedImporter/UnityEditor.QuickSearchModule:UnityEditor.Search:ASIAI0B
Importing 'GUID: 054bf5cf244ff2e4083cbf8eca205cf0 - Path: Assets/Imported_Aseests/TerrainSampleAssets/Prefabs/BushDry_B.prefab - Importer: ScriptedImporter/UnityEditor.QuickSearchModule:UnityEditor.Search:ASIAI0B' with importer (ScriptedImporter : UnityEditor.QuickSearchModule:UnityEditor.Search:ASIAI0B)
Imported 'GUID: 054bf5cf244ff2e4083cbf8eca205cf0' -> (Import Result ID: '526109ef14f14971c07a1a97642f505f') in 0.013 seconds [static and dynamic dependencies]. Details - ImportResultOutputID=7dcd00f9d11b278185953dab4b772013 DependenciesID=9faaecdd5a0c04c32edfdfec5c1da919 StaticDependenciesID=d1e7d0be2ada6d92d55bb5d34979d9a5 
Number of updated asset objects reloaded before import = 0
Number of asset objects unloaded after import = 9
========================================================================
Received Import Request.
  Time of request: 2026-09-30T11:08:16.141177Z
  Time since last request: 0.000152667 seconds.
  importAddress: GUID: 33e332af78571f249aa14092c01288cb - Path: Assets/Imported_Aseests/TerrainSampleAssets/Textures/Terrain/Black_Sand_MaskMap.tif - Importer: ScriptedImporter/UnityEditor.QuickSearchModule:UnityEditor.Search:ASIAI0B
Importing 'GUID: 33e332af78571f249aa14092c01288cb - Path: Assets/Imported_Aseests/TerrainSampleAssets/Textures/Terrain/Black_Sand_MaskMap.tif - Importer: ScriptedImporter/UnityEditor.QuickSearchModule:UnityEditor.Search:ASIAI0B' with importer (ScriptedImporter : UnityEditor.QuickSearchModule:UnityEditor.Search:ASIAI0B)
Imported 'GUID: 33e332af78571f249aa14092c01288cb' -> (Import Result ID: '1cd8326345c800489ca61c7e535779fc') in 0.008 seconds [static and dynamic dependencies]. Details - ImportResultOutputID=3c34d92fc2246ba14ff114315ca2b7a0 DependenciesID=c30fa898b2d48199c0f820d5e99093f8 StaticDependenciesID=1e732a612242f770be65a5407825566f 
Number of updated asset objects reloaded before import = 0
Number of asset objects unloaded after import = 1
========================================================================
Received Import Request.
  Time of request: 2026-09-30T11:08:16.169558Z
  Time since last request: 0.000570167 seconds.
  importAddress: GUID: 86f7d07dde38b154188fd60359df541e - Path: Assets/Imported_Aseests/TerrainSampleAssets/Textures/Terrain/Muddy_Normal.tif - Importer: ScriptedImporter/UnityEditor.QuickSearchModule:UnityEditor.Search:ASIAI0B
Importing 'GUID: 86f7d07dde38b154188fd60359df541e - Path: Assets/Imported_Aseests/TerrainSampleAssets/Textures/Terrain/Muddy_Normal.tif - Importer: ScriptedImporter/UnityEditor.QuickSearchModule:UnityEditor.Search:ASIAI0B' with importer (ScriptedImporter : UnityEditor.QuickSearchModule:UnityEditor.Search:ASIAI0B)
Imported 'GUID: 86f7d07dde38b154188fd60359df541e' -> (Import Result ID: '9a2284c7929b1a72cd7f087fefa1decb') in 0.006 seconds [static and dynamic dependencies]. Details - ImportResultOutputID=01e8a228455903bd16048a6c40dad233 DependenciesID=ff67cb82dd45702eef6ec9623e50b371 StaticDependenciesID=9ee7ddd96a1c10a960d92c5909b2d4fc 
Number of updated asset objects reloaded before import = 0
Number of asset objects unloaded after import = 1
========================================================================
Received Import Request.
  Time of request: 2026-09-30T11:08:16.193992Z
  Time since last request: 0.000545833 seconds.
  importAddress: GUID: f11a285f166a0f6499471bc2b3deaefb - Path: Assets/Imported_Aseests/TerrainSampleAssets/TerrainBrushes/Terrainstamp_Mountain03_Brush.brush - Importer: ScriptedImporter/UnityEditor.QuickSearchModule:UnityEditor.Search:ASIAI0B
Importing 'GUID: f11a285f166a0f6499471bc2b3deaefb - Path: Assets/Imported_Aseests/TerrainSampleAssets/TerrainBrushes/Terrainstamp_Mountain03_Brush.brush - Importer: ScriptedImporter/UnityEditor.QuickSearchModule:UnityEditor.Search:ASIAI0B' with importer (ScriptedImporter : UnityEditor.QuickSearchModule:UnityEditor.Search:ASIAI0B)
Imported 'GUID: f11a285f166a0f6499471bc2b3deaefb' -> (Import Result ID: '58570480b095a8b91dabdaf85ceca434') in 0.004 seconds [static and dynamic dependencies]. Details - ImportResultOutputID=972ccd8bf0d64149d3aa38128f454dca DependenciesID=198680bd92cacc9fb0aa37a7352a190b StaticDependenciesID=10aa3d5f132797d6834bd8007fbb5687 
Number of updated asset objects reloaded before import = 0
Number of asset objects unloaded after import = 2
========================================================================
Received Import Request.
  Time of request: 2026-09-30T11:08:16.217035Z
  Time since last request: 0.000469667 seconds.
  importAddress: GUID: 1f59549ee2c7eab4d833e1b9cd1bb76b - Path: Assets/Imported_Aseests/TerrainSampleAssets/TerrainBrushes/Terrainstamp_Mountain06_Brush.brush - Importer: ScriptedImporter/UnityEditor.QuickSearchModule:UnityEditor.Search:ASIAI0B
Importing 'GUID: 1f59549ee2c7eab4d833e1b9cd1bb76b - Path: Assets/Imported_Aseests/TerrainSampleAssets/TerrainBrushes/Terrainstamp_Mountain06_Brush.brush - Importer: ScriptedImporter/UnityEditor.QuickSearchModule:UnityEditor.Search:ASIAI0B' with importer (ScriptedImporter : UnityEditor.QuickSearchModule:UnityEditor.Search:ASIAI0B)
Imported 'GUID: 1f59549ee2c7eab4d833e1b9cd1bb76b' -> (Import Result ID: 'b81f1560131b9f607641bbdc49c17e59') in 0.004 seconds [static and dynamic dependencies]. Details - ImportResultOutputID=602178d0421b4f7979b3e2deda209d2c DependenciesID=621ad100b0c0a294fa6a213bdb41de58 StaticDependenciesID=35860e2f8fb138af138a5587cad927b8 
Number of updated asset objects reloaded before import = 0
Number of asset objects unloaded after import = 2
========================================================================
Received Import Request.
  Time of request: 2026-09-30T11:08:16.239663Z
  Time since last request: 0.000326209 seconds.
  importAddress: GUID: 5ac60e8e8739b1f4daeb70e1c662df49 - Path: Assets/Imported_Aseests/TerrainSampleAssets/Textures/Details/Grass_C_Thickness.tif - Importer: ScriptedImporter/UnityEditor.QuickSearchModule:UnityEditor.Search:ASIAI0B
Importing 'GUID: 5ac60e8e8739b1f4daeb70e1c662df49 - Path: Assets/Imported_Aseests/TerrainSampleAssets/Textures/Details/Grass_C_Thickness.tif - Importer: ScriptedImporter/UnityEditor.QuickSearchModule:UnityEditor.Search:ASIAI0B' with importer (ScriptedImporter : UnityEditor.QuickSearchModule:UnityEditor.Search:ASIAI0B)
Imported 'GUID: 5ac60e8e8739b1f4daeb70e1c662df49' -> (Import Result ID: '5980431bab4c4d9e6ec8384e3b8cd0be') in 0.004 seconds [static and dynamic dependencies]. Details - ImportResultOutputID=476b583fce0ab74b419ff7d533ad934e DependenciesID=b722ca2751bbd1303344ae1572e9c3ec StaticDependenciesID=489358eae9d22b53130f9466b37ec60d 
Number of updated asset objects reloaded before import = 0
Number of asset objects unloaded after import = 1
========================================================================
Received Import Request.
  Time of request: 2026-09-30T11:08:16.261379Z
  Time since last request: 0.000353916 seconds.
  importAddress: GUID: 28b218fb0e12c994d8f0b586f65545f2 - Path: Assets/Imported_Aseests/TerrainSampleAssets/Textures/Terrain/Tidal_Pools_Normal.tif - Importer: ScriptedImporter/UnityEditor.QuickSearchModule:UnityEditor.Search:ASIAI0B
Importing 'GUID: 28b218fb0e12c994d8f0b586f65545f2 - Path: Assets/Imported_Aseests/TerrainSampleAssets/Textures/Terrain/Tidal_Pools_Normal.tif - Importer: ScriptedImporter/UnityEditor.QuickSearchModule:UnityEditor.Search:ASIAI0B' with importer (ScriptedImporter : UnityEditor.QuickSearchModule:UnityEditor.Search:ASIAI0B)
Imported 'GUID: 28b218fb0e12c994d8f0b586f65545f2' -> (Import Result ID: '3e7679a7d5d33b5b83c6aa6122852b7a') in 0.006 seconds [static and dynamic dependencies]. Details - ImportResultOutputID=36f9ead0ee3deb8a5a28cb8c15037859 DependenciesID=9c599dcca642e4960d7c434348d3ed5e StaticDependenciesID=17e20e8f8a7e6cbc369d636524bc386d 
Number of updated asset objects reloaded before import = 0
Number of asset objects unloaded after import = 1
========================================================================
Received Import Request.
  Time of request: 2026-09-30T11:08:16.285538Z
  Time since last request: 0.000289417 seconds.
  importAddress: GUID: 5b7433cfa322cdb4ba853ecd73127975 - Path: Assets/Imported_Aseests/TerrainSampleAssets/Textures/Heightmaps/Mountain02_Heightmap.tif - Importer: ScriptedImporter/UnityEditor.QuickSearchModule:UnityEditor.Search:ASIAI0B
Importing 'GUID: 5b7433cfa322cdb4ba853ecd73127975 - Path: Assets/Imported_Aseests/TerrainSampleAssets/Textures/Heightmaps/Mountain02_Heightmap.tif - Importer: ScriptedImporter/UnityEditor.QuickSearchModule:UnityEditor.Search:ASIAI0B' with importer (ScriptedImporter : UnityEditor.QuickSearchModule:UnityEditor.Search:ASIAI0B)
Imported 'GUID: 5b7433cfa322cdb4ba853ecd73127975' -> (Import Result ID: '73600e2b4f9fd9a85c89f2b1552624dc') in 0.004 seconds [static and dynamic dependencies]. Details - ImportResultOutputID=7f3551d7c93527a7ca6d6d4cf2d7527f DependenciesID=0dc58bb1c32198104b2c6f2ca22160ef StaticDependenciesID=28079a6e28447d7951b66a168b638e6f 
Number of updated asset objects reloaded before import = 0
Number of asset objects unloaded after import = 1
========================================================================
Received Import Request.
  Time of request: 2026-09-30T11:08:16.307825Z
  Time since last request: 0.000307334 seconds.
  importAddress: GUID: 2114e87dbc5872042860b1588217688e - Path: Assets/Imported_Aseests/TerrainSampleAssets/Textures/Terrain/Grass_Moss_Normal.tif - Importer: ScriptedImporter/UnityEditor.QuickSearchModule:UnityEditor.Search:ASIAI0B
Importing 'GUID: 2114e87dbc5872042860b1588217688e - Path: Assets/Imported_Aseests/TerrainSampleAssets/Textures/Terrain/Grass_Moss_Normal.tif - Importer: ScriptedImporter/UnityEditor.QuickSearchModule:UnityEditor.Search:ASIAI0B' with importer (ScriptedImporter : UnityEditor.QuickSearchModule:UnityEditor.Search:ASIAI0B)
Imported 'GUID: 2114e87dbc5872042860b1588217688e' -> (Import Result ID: 'a9ab64cfbcf568654c114a56f8da6e69') in 0.008 seconds [static and dynamic dependencies]. Details - ImportResultOutputID=95e3f57a7089797edaa61edde57dc252 DependenciesID=da7baa262100533a61d7bc4e9b1b8721 StaticDependenciesID=422c58d68bdeeea228b62b06a6c3abcf 
Number of updated asset objects reloaded before import = 0
Number of asset objects unloaded after import = 1
========================================================================
Received Import Request.
  Time of request: 2026-09-30T11:08:17.20218Z
  Time since last request: 0.868190625 seconds.
  importAddress: GUID: 753f8aefff7f53945bb09d75656ba8de - Path: Assets/Imported_Aseests/TerrainSampleAssets/Textures/Heightmaps/Ridge02_Heightmap.tif - Importer: ScriptedImporter/UnityEditor.QuickSearchModule:UnityEditor.Search:ASIAI0B
Importing 'GUID: 753f8aefff7f53945bb09d75656ba8de - Path: Assets/Imported_Aseests/TerrainSampleAssets/Textures/Heightmaps/Ridge02_Heightmap.tif - Importer: ScriptedImporter/UnityEditor.QuickSearchModule:UnityEditor.Search:ASIAI0B' with importer (ScriptedImporter : UnityEditor.QuickSearchModule:UnityEditor.Search:ASIAI0B)
Imported 'GUID: 753f8aefff7f53945bb09d75656ba8de' -> (Import Result ID: 'ae8fe3f7b00394445bf74dbc658018f3') in 0.017 seconds [static and dynamic dependencies]. Details - ImportResultOutputID=554d541674ca9ec9c441806f78fa1646 DependenciesID=09d751cbb766c2acf72e5a6db53c6361 StaticDependenciesID=4862a164e2f7869397646433d3c1400a 
Number of updated asset objects reloaded before import = 0
Number of asset objects unloaded after import = 1
========================================================================
Received Import Request.
  Time of request: 2026-09-30T18:25:56.457998Z
  Time since last request: 7852.55923066600008 seconds.
  importAddress: GUID: 46af0068df48a4e09b62d6074a64fbbb - Path: Assets/Terrain/New Terrain 1.asset - Importer: ScriptedImporter/UnityEditor.QuickSearchModule:UnityEditor.Search:ASIAI0B
Importing 'GUID: 46af0068df48a4e09b62d6074a64fbbb - Path: Assets/Terrain/New Terrain 1.asset - Importer: ScriptedImporter/UnityEditor.QuickSearchModule:UnityEditor.Search:ASIAI0B' with importer (ScriptedImporter : UnityEditor.QuickSearchModule:UnityEditor.Search:ASIAI0B)
Imported 'GUID: 46af0068df48a4e09b62d6074a64fbbb' -> (Import Result ID: 'e1006e8c8193ec11e41c784edbc0cbf6') in 0.077 seconds [static and dynamic dependencies]. Details - ImportResultOutputID=b42b465ebbe5ddbfc60f1e13588a218f DependenciesID=895ae734e42cc576023662d639e5bcba StaticDependenciesID=309334b23ee0604b8d6de08e90eea805 
Number of updated asset objects reloaded before import = 0
Number of asset objects unloaded after import = 2
Editor requested this worker to shutdown with reason: Editor is closing down
AssetImportWorkerClient::OnTransportError - code=2 error=End of file
AcceleratorClientConnectionCallback - disconnected - :0
AssetImportWorker is now disconnected from the server
Process exiting
