Unity Editor version:    6000.5.0f1 (88b47c5e7076)
Branch:                  6000.5/staging
Build type:              Release
Batch mode:              NO
macOS version:           Version 26.6.2 (Build 25G83)
Darwin version:          25.6.0
Architecture:            arm64
Running under Rosetta:   NO
Available memory:        8192 MB
Date:                    2026-09-30T10:18:21Z
[Licensing::Module] Trying to connect to existing licensing client channel...
[Licensing::IpcConnector] Successfully connected to: "LicenseClient-alokshinde" at "2026-09-30T10:18:21.122028Z"

COMMAND LINE ARGUMENTS:
/Applications/Unity/Hub/Editor/6000.5.0f1/Unity.app/Contents/MacOS/Unity
-projectpath
/Users/alokshinde/Desktop/Unity Projects/project 3rd
-acceptSoftwareTermsForThisRunOnly
-useHub
-hubIPC
-cloudEnvironment
production
-licensingIpc
LicenseClient-alokshinde
-hubSessionId
94db67c1-3c20-4214-883f-b645b0ac364a
-accessToken
KmoukyafGdK6SxaqJmDhjjjLtagzsNNtj6-cMyHD9-I00ef
Successfully changed project path to: /Users/alokshinde/Desktop/Unity Projects/project 3rd
/Users/alokshinde/Desktop/Unity Projects/project 3rd
[UnityMemory] Configuration Parameters - Can be set up in boot.config
    "memorysetup-temp-allocator-size-gi-baking-worker=262144"
    "memorysetup-temp-allocator-size-gi-baking-worker=262144"
    "memorysetup-temp-allocator-size-gi-baking-worker=262144"
    "memorysetup-temp-allocator-size-gi-baking-worker=262144"
    "memorysetup-temp-allocator-size-gi-baking-worker=262144"
    "memorysetup-temp-allocator-size-nav-mesh-worker=65536"
    "memorysetup-temp-allocator-size-audio-worker=65536"
    "memorysetup-temp-allocator-size-cloud-worker=32768"
    "memorysetup-allocator-temp-initial-block-size-main=262144"
    "memorysetup-allocator-temp-initial-block-size-worker=262144"
    "memorysetup-temp-allocator-size-preload-manager=33554432"
    "memorysetup-temp-allocator-size-gfx=262144"
    "memorysetup-temp-allocator-size-background-worker=32768"
    "memorysetup-temp-allocator-size-job-worker=262144"
    "memorysetup-bucket-allocator-granularity=16"
    "memorysetup-bucket-allocator-bucket-count=8"
    "memorysetup-bucket-allocator-block-size=33554432"
    "memorysetup-bucket-allocator-block-count=8"
    "memorysetup-main-allocator-block-size=16777216"
    "memorysetup-thread-allocator-block-size=16777216"
    "memorysetup-main-allocator-mimalloc-enabled=0"
    "memorysetup-gfx-main-allocator-block-size=16777216"
    "memorysetup-gfx-thread-allocator-block-size=16777216"
    "memorysetup-cache-allocator-block-size=4194304"
    "memorysetup-typetree-allocator-block-size=2097152"
    "memorysetup-profiler-bucket-allocator-granularity=16"
    "memorysetup-profiler-bucket-allocator-bucket-count=8"
    "memorysetup-profiler-bucket-allocator-block-size=33554432"
    "memorysetup-profiler-bucket-allocator-block-count=8"
    "memorysetup-profiler-allocator-block-size=16777216"
    "memorysetup-profiler-editor-allocator-block-size=1048576"
    "memorysetup-temp-allocator-size-main=16777216"
    "memorysetup-job-temp-allocator-block-size=2097152"
    "memorysetup-job-temp-allocator-block-size-background=1048576"
    "memorysetup-job-temp-allocator-reduction-small-platforms=262144"
Player connection [8291475840]  Target information:

Player connection [8291475840]  * "[IP] 192.168.105.54 [Port] 55504 [Flags] 2 [Guid] 3189140494 [EditorId] 3189140494 [Version] 1048832 [Id] OSXEditor(0,Aloks-MacBook-Air.local) [Debug] 1 [PackageName] OSXEditor [ProjectName] Editor" 

Player connection [8291475840] Host joined multi-casting on [225.0.0.222:54997]...
Player connection [8291475840] Host joined alternative multi-casting on [225.0.0.222:34997]...
Input System module state changed to: Initialized.
[Physics::Module] Initialized fallback backend.
[Physics::Module] Id: 0xdecafbad
[Licensing::Client] Handshaking with LicensingClient:
  Version:                 1.18.3+d7ffd15
  Session Id:              664182e02f1c41dbb110793ed5105dda
  Correlation Id:          d0f0b96b1f7ba3fd1725b603f09f54ae
  External correlation Id: 4922096061297560523
  Machine Id:              t729RxkyRSnJNhMUa3ZSLdSs+d4=
[Licensing::Module] Successfully connected to LicensingClient on channel: "LicenseClient-alokshinde" (connect: 0.00s, validation: 0.00s, handshake: 0.46s)
[Licensing::IpcConnector] Successfully connected to: "LicenseClient-alokshinde-notifications" at "2026-09-30T10:18:21.589575Z"
[Licensing::Client] Successfully updated the access token
[Licensing::Module] Successfully updated the access token KmoukyafGd...
[Licensing::Client] Successfully resolved entitlement details
[Licensing::Module] License group:
  Id: 15669719516771-UnityPersXXXX
  Product: Unity Personal
  Type: Assigned
  Expiration: Unlimited
[Licensing::Client] Successfully updated license, isAsync: True, time: 0.01
[Licensing::Client] Successfully resolved entitlement details
[Licensing::Module] Licensing Background thread has ended after 0.49s
[Package Manager] Connected to IPC stream "Upm-1420" after 0.2 seconds.
[Licensing::Client] Successfully resolved entitlement details
Library Redirect Path: Library/
[Physics::Module] Selected backend.
[Physics::Module] Name: PhysX
[Physics::Module] Id: 0xf2b8ea05
[Physics::Module] SDK Version: 4.1.2
[Physics::Module] Integration Version: 1.0.0
[Physics::Module] Threading Mode: Multi-Threaded
Artifact Garbage Collection - Removed 1 unused hashed content files
Initialize engine version: 6000.5.0f1 (88b47c5e7076)
[Subsystems] Discovering subsystems at path /Applications/Unity/Hub/Editor/6000.5.0f1/Unity.app/Contents/Resources/UnitySubsystems
[Subsystems] Discovering subsystems at path /Users/alokshinde/Desktop/Unity Projects/project 3rd/Assets
GfxDevice: creating device client; kGfxThreadingModeThreaded
 preferred device: Apple M1 (high power)
Metal devices available: 1
0: Apple M1 (high power)
Using device Apple M1 (high power)
Initializing Metal device caps: Apple M1
Mac GPU Family: 2
Apple GPU Family: 7
MSL Version: 3.0
Has Float MSAA: 1
Has Float Filtering: 1
ReadWrite Texture Tier: 2
Initialize mono
Mono path[0] = '/Applications/Unity/Hub/Editor/6000.5.0f1/Unity.app/Contents/Resources/Scripting/Managed'
Mono path[1] = '/Applications/Unity/Hub/Editor/6000.5.0f1/Unity.app/Contents/Resources/Scripting/BCLExtensions/runtime/netstandard2.1'
Mono path[2] = '/Applications/Unity/Hub/Editor/6000.5.0f1/Unity.app/Contents/Resources/Scripting/MonoBleedingEdge/lib/mono/unityjit-macos'
Mono config path = '/Applications/Unity/Hub/Editor/6000.5.0f1/Unity.app/Contents/Resources/Scripting/MonoBleedingEdge/etc'
Using monoOptions --debugger-agent=transport=dt_socket,embedding=1,server=y,suspend=n,address=127.0.0.1:56420
CodeReloadManager initialized
ImportWorker Server TCP listen port: 0
AcceleratorClientConnectionCallback - disconnected - :0
Begin MonoManager ReloadAssembly
Registering precompiled unity dll's ...
Register platform support module: /Applications/Unity/Hub/Editor/6000.5.0f1/PlaybackEngines/WebGLSupport/UnityEditor.WebGL.Extensions.dll
Register platform support module: /Applications/Unity/Hub/Editor/6000.5.0f1/PlaybackEngines/MacStandaloneSupport/UnityEditor.OSXStandalone.Extensions.dll
Registered in 0.001570 seconds.
Native extension for OSXStandalone target not found
Native extension for WebGL target not found
Package Manager log level set to [2]
ScheduleIndexationOnStartup MainProcess:False IndexOnStartup:True
Mono: successfully reloaded assembly
- Finished resetting the current domain, in  0.315 seconds
Domain Reload Profiling: 728ms
	BeginReloadAssembly (115ms)
		CreateAndSetChildDomain (21ms)
	RebuildCommonClasses (3ms)
	RebuildNativeTypeToScriptingClass (20ms)
	initialDomainReloadingComplete (52ms)
	LoadAllAssembliesAndSetupDomain (222ms)
		LoadAssemblies (95ms)
		AnalyzeDomain (172ms)
			TypeCache.Refresh (170ms)
				TypeCache.ScanAssembly (156ms)
	FinalizeReload (316ms)
		SetupLoadedEditorAssemblies (0ms)
			BeforeProcessingInitializeOnLoad (55ms)
			ProcessInitializeOnLoadAttributes (74ms)
			ProcessInitializeOnLoadMethodAttributes (130ms)
[Licensing::Client] Successfully resolved entitlement details
Application.AssetDatabase Initial Refresh Start
[Package Manager] Restoring resolved packages state from cache
[Licensing::Client] Successfully resolved entitlement details
[Package Manager] Registered 62 packages:
  Packages from [https://packages.unity.com]:
    com.unity.ai.navigation@2.0.13 (location: /Users/alokshinde/Desktop/Unity Projects/project 3rd/Library/PackageCache/com.unity.ai.navigation@42d896194035)
    com.unity.collab-proxy@2.12.4 (location: /Users/alokshinde/Desktop/Unity Projects/project 3rd/Library/PackageCache/com.unity.collab-proxy@0b1559bcd34e)
    com.unity.ide.rider@3.0.38 (location: /Users/alokshinde/Desktop/Unity Projects/project 3rd/Library/PackageCache/com.unity.ide.rider@1f60b3138684)
    com.unity.ide.visualstudio@2.0.26 (location: /Users/alokshinde/Desktop/Unity Projects/project 3rd/Library/PackageCache/com.unity.ide.visualstudio@a99d56dec63f)
    com.unity.ide.vscode@1.2.4 (location: /Users/alokshinde/Desktop/Unity Projects/project 3rd/Library/PackageCache/com.unity.ide.vscode@eb5de66d4c77)
    com.unity.inputsystem@1.19.0 (location: /Users/alokshinde/Desktop/Unity Projects/project 3rd/Library/PackageCache/com.unity.inputsystem@21a28c3a6c83)
    com.unity.terrain-tools@5.3.3 (location: /Users/alokshinde/Desktop/Unity Projects/project 3rd/Library/PackageCache/com.unity.terrain-tools@7c2b357ea7bd)
    com.unity.timeline@1.8.12 (location: /Users/alokshinde/Desktop/Unity Projects/project 3rd/Library/PackageCache/com.unity.timeline@8cd8509afae5)
    com.unity.visualscripting@1.9.11 (location: /Users/alokshinde/Desktop/Unity Projects/project 3rd/Library/PackageCache/com.unity.visualscripting@8bed5ad90189)
    com.unity.searcher@4.9.4 (location: /Users/alokshinde/Desktop/Unity Projects/project 3rd/Library/PackageCache/com.unity.searcher@d45a78918735)
    com.unity.burst@1.8.29 (location: /Users/alokshinde/Desktop/Unity Projects/project 3rd/Library/PackageCache/com.unity.burst@6bb9aca3ef38)
    com.unity.nuget.mono-cecil@1.11.6 (location: /Users/alokshinde/Desktop/Unity Projects/project 3rd/Library/PackageCache/com.unity.nuget.mono-cecil@ecb9724e46ff)
    com.unity.test-framework.performance@3.5.0 (location: /Users/alokshinde/Desktop/Unity Projects/project 3rd/Library/PackageCache/com.unity.test-framework.performance@8b56083ec0f0)
  Built-in packages:
    com.unity.multiplayer.center@1.0.1 (location: /Users/alokshinde/Desktop/Unity Projects/project 3rd/Library/PackageCache/com.unity.multiplayer.center@b860850997d0)
    com.unity.render-pipelines.high-definition@17.5.0 (location: /Users/alokshinde/Desktop/Unity Projects/project 3rd/Library/PackageCache/com.unity.render-pipelines.high-definition@66cdf30f7d1a)
    com.unity.render-pipelines.universal@17.5.0 (location: /Users/alokshinde/Desktop/Unity Projects/project 3rd/Library/PackageCache/com.unity.render-pipelines.universal@0c18adc4ff89)
    com.unity.shadergraph@17.5.0 (location: /Users/alokshinde/Desktop/Unity Projects/project 3rd/Library/PackageCache/com.unity.shadergraph@3fa956880a81)
    com.unity.test-framework@1.7.0 (location: /Users/alokshinde/Desktop/Unity Projects/project 3rd/Library/PackageCache/com.unity.test-framework@f3e6c9a02477)
    com.unity.ugui@2.5.0 (location: /Users/alokshinde/Desktop/Unity Projects/project 3rd/Library/PackageCache/com.unity.ugui@4f9b15fd1386)
    com.unity.modules.accessibility@1.0.0 (location: /Users/alokshinde/Desktop/Unity Projects/project 3rd/Library/PackageCache/com.unity.modules.accessibility)
    com.unity.modules.adaptiveperformance@1.0.0 (location: /Users/alokshinde/Desktop/Unity Projects/project 3rd/Library/PackageCache/com.unity.modules.adaptiveperformance)
    com.unity.modules.ai@1.0.0 (location: /Users/alokshinde/Desktop/Unity Projects/project 3rd/Library/PackageCache/com.unity.modules.ai)
    com.unity.modules.androidjni@1.0.0 (location: /Users/alokshinde/Desktop/Unity Projects/project 3rd/Library/PackageCache/com.unity.modules.androidjni)
    com.unity.modules.animation@1.0.0 (location: /Users/alokshinde/Desktop/Unity Projects/project 3rd/Library/PackageCache/com.unity.modules.animation)
    com.unity.modules.assetbundle@1.0.0 (location: /Users/alokshinde/Desktop/Unity Projects/project 3rd/Library/PackageCache/com.unity.modules.assetbundle)
    com.unity.modules.audio@1.0.0 (location: /Users/alokshinde/Desktop/Unity Projects/project 3rd/Library/PackageCache/com.unity.modules.audio)
    com.unity.modules.cloth@1.0.0 (location: /Users/alokshinde/Desktop/Unity Projects/project 3rd/Library/PackageCache/com.unity.modules.cloth)
    com.unity.modules.director@1.0.0 (location: /Users/alokshinde/Desktop/Unity Projects/project 3rd/Library/PackageCache/com.unity.modules.director)
    com.unity.modules.imageconversion@1.0.0 (location: /Users/alokshinde/Desktop/Unity Projects/project 3rd/Library/PackageCache/com.unity.modules.imageconversion)
    com.unity.modules.imgui@1.0.0 (location: /Users/alokshinde/Desktop/Unity Projects/project 3rd/Library/PackageCache/com.unity.modules.imgui)
    com.unity.modules.jsonserialize@1.0.0 (location: /Users/alokshinde/Desktop/Unity Projects/project 3rd/Library/PackageCache/com.unity.modules.jsonserialize)
    com.unity.modules.particlesystem@1.0.0 (location: /Users/alokshinde/Desktop/Unity Projects/project 3rd/Library/PackageCache/com.unity.modules.particlesystem)
    com.unity.modules.physics@1.0.0 (location: /Users/alokshinde/Desktop/Unity Projects/project 3rd/Library/PackageCache/com.unity.modules.physics)
    com.unity.modules.physics2d@1.0.0 (location: /Users/alokshinde/Desktop/Unity Projects/project 3rd/Library/PackageCache/com.unity.modules.physics2d)
    com.unity.modules.physicscore2d@1.0.0 (location: /Users/alokshinde/Desktop/Unity Projects/project 3rd/Library/PackageCache/com.unity.modules.physicscore2d)
    com.unity.modules.screencapture@1.0.0 (location: /Users/alokshinde/Desktop/Unity Projects/project 3rd/Library/PackageCache/com.unity.modules.screencapture)
    com.unity.modules.terrain@1.0.0 (location: /Users/alokshinde/Desktop/Unity Projects/project 3rd/Library/PackageCache/com.unity.modules.terrain)
    com.unity.modules.terrainphysics@1.0.0 (location: /Users/alokshinde/Desktop/Unity Projects/project 3rd/Library/PackageCache/com.unity.modules.terrainphysics)
    com.unity.modules.tilemap@1.0.0 (location: /Users/alokshinde/Desktop/Unity Projects/project 3rd/Library/PackageCache/com.unity.modules.tilemap)
    com.unity.modules.ui@1.0.0 (location: /Users/alokshinde/Desktop/Unity Projects/project 3rd/Library/PackageCache/com.unity.modules.ui)
    com.unity.modules.uielements@1.0.0 (location: /Users/alokshinde/Desktop/Unity Projects/project 3rd/Library/PackageCache/com.unity.modules.uielements)
    com.unity.modules.umbra@1.0.0 (location: /Users/alokshinde/Desktop/Unity Projects/project 3rd/Library/PackageCache/com.unity.modules.umbra)
    com.unity.modules.unityanalytics@1.0.0 (location: /Users/alokshinde/Desktop/Unity Projects/project 3rd/Library/PackageCache/com.unity.modules.unityanalytics)
    com.unity.modules.unitywebrequest@1.0.0 (location: /Users/alokshinde/Desktop/Unity Projects/project 3rd/Library/PackageCache/com.unity.modules.unitywebrequest)
    com.unity.modules.unitywebrequestassetbundle@1.0.0 (location: /Users/alokshinde/Desktop/Unity Projects/project 3rd/Library/PackageCache/com.unity.modules.unitywebrequestassetbundle)
    com.unity.modules.unitywebrequestaudio@1.0.0 (location: /Users/alokshinde/Desktop/Unity Projects/project 3rd/Library/PackageCache/com.unity.modules.unitywebrequestaudio)
    com.unity.modules.unitywebrequesttexture@1.0.0 (location: /Users/alokshinde/Desktop/Unity Projects/project 3rd/Library/PackageCache/com.unity.modules.unitywebrequesttexture)
    com.unity.modules.unitywebrequestwww@1.0.0 (location: /Users/alokshinde/Desktop/Unity Projects/project 3rd/Library/PackageCache/com.unity.modules.unitywebrequestwww)
    com.unity.modules.vectorgraphics@1.0.0 (location: /Users/alokshinde/Desktop/Unity Projects/project 3rd/Library/PackageCache/com.unity.modules.vectorgraphics)
    com.unity.modules.vehicles@1.0.0 (location: /Users/alokshinde/Desktop/Unity Projects/project 3rd/Library/PackageCache/com.unity.modules.vehicles)
    com.unity.modules.video@1.0.0 (location: /Users/alokshinde/Desktop/Unity Projects/project 3rd/Library/PackageCache/com.unity.modules.video)
    com.unity.modules.wind@1.0.0 (location: /Users/alokshinde/Desktop/Unity Projects/project 3rd/Library/PackageCache/com.unity.modules.wind)
    com.unity.modules.xr@1.0.0 (location: /Users/alokshinde/Desktop/Unity Projects/project 3rd/Library/PackageCache/com.unity.modules.xr)
    com.unity.modules.subsystems@1.0.0 (location: /Users/alokshinde/Desktop/Unity Projects/project 3rd/Library/PackageCache/com.unity.modules.subsystems)
    com.unity.modules.hierarchycore@1.0.0 (location: /Users/alokshinde/Desktop/Unity Projects/project 3rd/Library/PackageCache/com.unity.modules.hierarchycore)
    com.unity.ext.nunit@2.1.0 (location: /Users/alokshinde/Desktop/Unity Projects/project 3rd/Library/PackageCache/com.unity.ext.nunit@44f7d31723bd)
    com.unity.render-pipelines.core@17.5.0 (location: /Users/alokshinde/Desktop/Unity Projects/project 3rd/Library/PackageCache/com.unity.render-pipelines.core@f43b729f1f6e)
    com.unity.render-pipelines.universal-config@17.5.0 (location: /Users/alokshinde/Desktop/Unity Projects/project 3rd/Library/PackageCache/com.unity.render-pipelines.universal-config@fdda01c80fe3)
    com.unity.visualeffectgraph@17.5.0 (location: /Users/alokshinde/Desktop/Unity Projects/project 3rd/Library/PackageCache/com.unity.visualeffectgraph@be3e086322d1)
    com.unity.render-pipelines.high-definition-config@17.5.0 (location: /Users/alokshinde/Desktop/Unity Projects/project 3rd/Library/PackageCache/com.unity.render-pipelines.high-definition-config@77f033cbf9c5)
    com.unity.collections@6.5.0 (location: /Users/alokshinde/Desktop/Unity Projects/project 3rd/Library/PackageCache/com.unity.collections@a43cabe808ca)
    com.unity.mathematics@1.4.0 (location: /Users/alokshinde/Desktop/Unity Projects/project 3rd/Library/PackageCache/com.unity.mathematics@981956d94fb6)
[Package Manager] com.unity.ide.vscode is deprecated: Visual Studio Code package is not supported anymore. You can continue to use it, but we won't provide any update anymore.
[Subsystems] No new subsystems found in resolved package list.
[Package Manager] Done registering packages in 0.00 seconds
info: Microsoft.Hosting.Lifetime[14]
      Now listening on: http://unix:/tmp/ilpp.sock-891edb350453f5f3adbc59c57cdda0e3
info: Microsoft.Hosting.Lifetime[0]
      Application started. Press Ctrl+C to shut down.
info: Microsoft.Hosting.Lifetime[0]
      Hosting environment: Production
info: Microsoft.Hosting.Lifetime[0]
      Content root path: /Users/alokshinde/Desktop/Unity Projects/project 3rd
info: Microsoft.AspNetCore.Hosting.Diagnostics[1]
      Request starting HTTP/2 POST http://ilpp/UnityILPP.PostProcessing/Ping - application/grpc -
info: Microsoft.AspNetCore.Routing.EndpointMiddleware[0]
      Executing endpoint 'gRPC - /UnityILPP.PostProcessing/Ping'
info: Microsoft.AspNetCore.Routing.EndpointMiddleware[1]
      Executed endpoint 'gRPC - /UnityILPP.PostProcessing/Ping'
info: Microsoft.AspNetCore.Hosting.Diagnostics[2]
      Request finished HTTP/2 POST http://ilpp/UnityILPP.PostProcessing/Ping - 200 - application/grpc 29.9862ms
Starting: /Applications/Unity/Hub/Editor/6000.5.0f1/Unity.app/Contents/Resources/BuildPipeline/bee_backend --ipc --defer-dag-verification --dagfile="Library/Bee/200b0aE.dag" --continue-on-failure --profile="Library/Bee/backend1.traceevents" ScriptAssemblies
WorkingDir: /Users/alokshinde/Desktop/Unity Projects/project 3rd
info: Microsoft.AspNetCore.Hosting.Diagnostics[1]
      Request starting HTTP/2 POST http://ilpp/UnityILPP.PostProcessing/ConfigurePostProcessors - application/grpc -
info: Microsoft.AspNetCore.Routing.EndpointMiddleware[0]
      Executing endpoint 'gRPC - /UnityILPP.PostProcessing/ConfigurePostProcessors'
warn: Unity.ILPP.Runner.PostProcessingAssemblyLoadContext[0]
      Assembly system.runtime.interopservices.windowsruntime has duplicate hint path. Ignoring "/Applications/Unity/Hub/Editor/6000.5.0f1/Unity.app/Contents/Resources/Scripting/UnityReferenceAssemblies/unity-4.8-api/Facades/System.Runtime.InteropServices.WindowsRuntime.dll" in favor of "/Applications/Unity/Hub/Editor/6000.5.0f1/Unity.app/Contents/Resources/Scripting/NetStandard/Extensions/2.0.0/System.Runtime.InteropServices.WindowsRuntime.dll"
warn: Unity.ILPP.Runner.PostProcessingAssemblyLoadContext[0]
      Assembly system.componentmodel.composition has duplicate hint path. Ignoring "/Applications/Unity/Hub/Editor/6000.5.0f1/Unity.app/Contents/Resources/Scripting/UnityReferenceAssemblies/unity-4.8-api/System.ComponentModel.Composition.dll" in favor of "/Applications/Unity/Hub/Editor/6000.5.0f1/Unity.app/Contents/Resources/Scripting/NetStandard/compat/2.1.0/shims/netfx/System.ComponentModel.Composition.dll"
info: Unity.ILPP.Runner.PostProcessingAssemblyLoadContext[0]
      Resolved Unity.Burst.Cecil, Version=0.11.6.0, Culture=neutral, PublicKeyToken=50cebf1cceb9d05e with Library/PackageCache/com.unity.burst@6bb9aca3ef38/Unity.Burst.CodeGen/Unity.Burst.Cecil.dll
info: Unity.ILPP.Runner.PostProcessingAssemblyLoadContext[0]
      Resolved Mono.Cecil, Version=0.11.5.0, Culture=neutral, PublicKeyToken=50cebf1cceb9d05e with Library/PackageCache/com.unity.nuget.mono-cecil@ecb9724e46ff/Mono.Cecil.dll
info: Microsoft.AspNetCore.Routing.EndpointMiddleware[1]
      Executed endpoint 'gRPC - /UnityILPP.PostProcessing/ConfigurePostProcessors'
info: Microsoft.AspNetCore.Hosting.Diagnostics[2]
      Request finished HTTP/2 POST http://ilpp/UnityILPP.PostProcessing/ConfigurePostProcessors - 200 - application/grpc 23.1911ms
ExitCode: 0 Duration: 1s170ms
[640/894    0s] ILPP-Configuration Library/ilpp-configuration.nevergeneratedoutput
*** Tundra build success (1.14 seconds), 1 items updated, 894 evaluated
AssetDatabase: script compilation time: 1.742044s
Total cache size 127076412
Total cache size after purge 127076412, took 00:00:00.1132192
Begin MonoManager ReloadAssembly
Refreshing native plugins compatible for Editor in 2.05 ms, found 2 plugins.
Native extension for OSXStandalone target not found
Native extension for WebGL target not found
ScheduleIndexationOnStartup MainProcess:True IndexOnStartup:True
Mono: successfully reloaded assembly
- Finished resetting the current domain, in  2.414 seconds
Domain Reload Profiling: 3029ms
	BeginReloadAssembly (130ms)
		DisableScriptedObjects (10ms)
		CreateAndSetChildDomain (28ms)
	RebuildCommonClasses (5ms)
	RebuildNativeTypeToScriptingClass (12ms)
	initialDomainReloadingComplete (26ms)
	LoadAllAssembliesAndSetupDomain (440ms)
		LoadAssemblies (210ms)
		AnalyzeDomain (206ms)
			TypeCache.Refresh (149ms)
				TypeCache.ScanAssembly (135ms)
			BuildScriptInfoCaches (51ms)
			ResolveRequiredComponents (5ms)
	FinalizeReload (2415ms)
		SetupLoadedEditorAssemblies (0ms)
			BeforeProcessingInitializeOnLoad (55ms)
			ProcessInitializeOnLoadAttributes (1997ms)
			ProcessInitializeOnLoadMethodAttributes (108ms)
		AwakeInstancesAfterBackupRestoration (11ms)
Starting new worker id: 0 with log in /Users/alokshinde/Desktop/Unity Projects/project 3rd/Logs/AssetImportWorkerHW0.log

Asset Pipeline Refresh (id=73e701d65428c49b681308faa90e34e3): Total: 6.386 seconds - Initiated by InitialRefreshV2(ForceSynchronousImport)
	(Values over 0.05ms)
	Summary:
		Imports: total=0 (actual=0, local cache=0, cache server=0)
		Asset DB Process Time: managed=0 ms, native=3623 ms
		Asset DB Callback time: managed=336 ms, native=6 ms
		Scripting: domain reloads=1, domain reload time=634 ms, compile time=1743 ms, other=42 ms
		Project Asset Count: scripts=1767, non-scripts=4224
		Asset File Changes: new=0, changed=0, moved=0, deleted=0
		Scan Filter Count: 1
	InvokePackagesCallback: 6.992ms
	ApplyChangesToAssetFolders: 0.292ms
	Scan: 643.755ms
	Collect global state as custom dependencies: 2.732ms
	CategorizeScriptCompilationAssets: 59.059ms
	ProcessAssetsWithTransientArtifactChanges: 72.646ms
	CategorizeAssets: 184.459ms
	CompileScripts: 1743.104ms
	ImportOutOfDateAssets: 2532.164ms (2433.491ms without children)
		UnloadImportedAssets: 1.123ms
		EnsureUptoDateAssetsAreRegisteredWithGuidPM: 0.726ms
		ImportSchedulerStart: 96.787ms
	PostProcessAllAssets: 336.933ms
		MonoPostProcessAllAssets: 336.705ms
			HDRenderPipelineGlobalSettingsPostprocessor.OnPostprocessAllAssets 315.314ms
			SyncVS.PostprocessSyncProject 6.043ms
			UniversalRenderPipelineGlobalSettingsPostprocessor.OnPostprocessAllAssets 2.701ms
			SpeedTree9Postprocessor.OnPostprocessAllAssets 2.126ms
			WindowAssetPostprocessingWatcher.OnPostprocessAllAssets 1.145ms
			RenderPipelineGlobalSettingsPostprocessor.OnPostprocessAllAssets 0.456ms
			ShaderReflectionAssetPostProcessor.OnPostprocessAllAssets 0.304ms
			TerrainToolsPostprocessor.OnPostprocessAllAssets 0.240ms
			ReferencedClipsPostProcessor.OnPostprocessAllAssets 0.204ms
			TerrainToolbarOverlayPostProcessor.OnPostprocessAllAssets 0.194ms
			InputActionAssetPostprocessor.OnPostprocessAllAssets 0.187ms
			ProjectSettingsPostprocessor.OnPostprocessAllAssets 0.105ms
			AssetDatabaseCallbacks.OnPostprocessAllAssets 0.093ms
	UnloadStreamsBegin: 5.903ms
	PersistCurrentRevisions: 0.158ms
	GenerateScriptTypeHashes: 1.454ms
	GenerateScriptTypeSerializationHashes: 2.768ms
	Untracked: 795.854ms

Application.AssetDatabase Initial Refresh End
Shader Hidden/ChartRasterizerHardware is not supported: GPU does not support conservative rasterization
Launching external process: /Applications/Unity/Hub/Editor/6000.5.0f1/Unity.app/Contents/Helpers/UnityShaderCompiler
Launched and connected shader compiler UnityShaderCompiler after 0.08 seconds
Worker ready: AssetImportWorkerHW0 0
Shader Hidden/ChartRasterizerHardware is not supported: GPU does not support conservative rasterization
Scanning for USB devices : 0.258ms
Initializing Unity extensions:
[MODES] ModeService[none].Initialize
[MODES] ModeService[none].LoadModes
[MODES] Loading mode Default (0) for mode-current-id-project 3rd
2026-09-30 15:49:11.153 Unity[1420:23175] NSEventModifierFlagFunction specified to -setKeyEquivalentModifierMask: for item <NSMenuItem: 0x794337a20 SDF, ke='Command-F12'>, but is only supported for system-provided menu items; will not be used
Unloading 341 Unused Serialized files (Serialized files now loaded: 0)
Loaded scene 'Assets/Scenes/SampleScene.unity'
	Deserialize:            15.302 ms
	Integration:            787.110 ms
	Integration of assets:  0.022 ms
	Thread Wait Time:       2.274 ms
	Total Operation Time:   804.707 ms
Unloading 8181 unused Assets / (9.7 MB). Loaded Objects now: 9586.
Memory consumption went from 394.2 MB to 384.5 MB.
Total: 37.153125 ms (FindLiveObjects: 2.828041 ms CreateObjectMapping: 3.347375 ms MarkObjects: 15.929209 ms  DeleteObjects: 14.934167 ms)

[LAYOUT] About to load UserSettings/Layouts/default-6000.dwlt, keepMainWindow=False
[LAYOUT] About to save layout /Users/alokshinde/Desktop/Unity Projects/project 3rd/UserSettings/Layouts/default-6000.dwlt
[LAYOUT] About to save layout /Users/alokshinde/Library/Preferences/Unity/Editor-5.x/Layouts/current/default-6000.dwlt
[MODES] ModeService[default].InitializeCurrentMode
[MODES] ModeService[default].RaiseModeChanged(default, default)
[Project] Loading completed in 51.739 seconds
	Project init time: 				49.514 seconds
		Template init time: 		0.000 seconds
		Package Manager init time: 		0.165 seconds
		Asset Database init time: 		0.601 seconds
		Global illumination init time: 	0.002 seconds
		Assemblies load time: 			0.778 seconds
		Unity extensions init time: 	0.179 seconds
		Asset Database refresh time: 	6.393 seconds
	Scene opening time: 			1.916 seconds
##utp:{"type":"ProjectInfo","version":2,"phase":"Immediate","time":1790763552839,"processId":1420,"projectLoad":51.739186542,"projectInit":49.513786375,"templateInit":0.0,"packageManagerInit":0.164940833,"assetDatabaseInit":0.601219083,"globalIlluminationInit":0.001622458,"assembliesLoad":0.778253583,"unityExtensionsInit":0.178946375,"assetDatabaseRefresh":6.393406458,"sceneOpening":1.916482875}
##utp:{"type":"EditorInfo","version":2,"phase":"Immediate","time":1790763552839,"processId":1420,"editorVersion":"6000.5.0f1 (88b47c5e7076)","branch":"6000.5/staging","buildType":"Release","platform":"OSX"}
Subscribe to USB device events
Scanning for USB devices : 0.174ms
Created GICache directory at /Users/alokshinde/Library/Caches/com.unity3d.UnityEditor/GiCache. Took: 0.008s, timestamps: [51.749 - 51.757]
[Licensing::Client] Successfully resolved entitlement details
[Licensing::Client] Successfully resolved entitlement details
[Licensing::Client] Successfully updated the access token
[Licensing::Module] Successfully updated access token: "Kmoukyaf"... (expires: 2026-09-30T12:10:53Z)
[Licensing::Client] Successfully resolved entitlement details
UPID Received 'e6e95ea4-ef14-4965-b68b-58e6d45b51f4'.
TrimDiskCacheJob: Current cache size 0mb

Asset Pipeline Refresh (id=afc446a4ad68745cc8d4c3809a3671e3): Total: 0.913 seconds - Initiated by RefreshV2(AllowForceSynchronousImport)
	(Values over 0.05ms)
	Summary:
		Imports: total=0 (actual=0, local cache=0, cache server=0)
		Asset DB Process Time: managed=0 ms, native=908 ms
		Asset DB Callback time: managed=0 ms, native=3 ms
		Scripting: domain reloads=0, domain reload time=0 ms, compile time=0 ms, other=0 ms
		Project Asset Count: scripts=1767, non-scripts=4224
		Asset File Changes: new=0, changed=0, moved=0, deleted=0
		Scan Filter Count: 1
	InvokePackagesCallback: 4.046ms
	ApplyChangesToAssetFolders: 0.763ms
	Scan: 490.631ms
	Collect global state as custom dependencies: 2.610ms
	OnSourceAssetsModified: 0.051ms
	ProcessAssetsWithTransientArtifactChanges: 0.305ms
	CategorizeAssets: 272.646ms
	CompileScripts: 0.052ms
	ImportOutOfDateAssets: 92.564ms (9.787ms without children)
		ReloadNativeAssets: 0.331ms
		UnloadImportedAssets: 0.103ms
		EnsureUptoDateAssetsAreRegisteredWithGuidPM: 0.547ms
		ImportSchedulerStart: 81.795ms
	GatherAllCurrentPrimaryImportResultRevisions: 3.308ms
	UnloadStreamsBegin: 8.038ms
	PersistCurrentRevisions: 0.154ms
	Untracked: 34.484ms

Start Indexing on Editor startup
[Indexing] Starting Initial Indexing for Assets
Asset Pipeline Refresh (id=2672dd2eea23c48409a9e04ff680b90d): Total: 0.213 seconds - Initiated by RefreshV2(AllowForceSynchronousImport)
2026-09-30 15:50:37.213 Unity[1420:23175] NSEventModifierFlagFunction specified to -setKeyEquivalentModifierMask: for item <NSMenuItem: 0x79433dc20 SDF, ke='Command-F12'>, but is only supported for system-provided menu items; will not be used
Asset Pipeline Refresh (id=045b573c992a941558edf216203b13ed): Total: 0.169 seconds - Initiated by RefreshV2(AllowForceSynchronousImport)
Asset Pipeline Refresh (id=f06065068137d479687fed6804d24d86): Total: 0.131 seconds - Initiated by RefreshV2(AllowForceSynchronousImport)
Asset Pipeline Refresh (id=0acfd0a9b140844be9b6a09985f5c932): Total: 0.147 seconds - Initiated by RefreshV2(AllowForceSynchronousImport)
Asset Pipeline Refresh (id=c9dbe31c1e6bc4eb59f06d99ebcc1090): Total: 0.159 seconds - Initiated by RefreshV2(AllowForceSynchronousImport)
Request Asset Garbage Collect because used heap size increased from 384.9 MB to 0.75 GB, exceeding the threshold of 256.0 MB.
Unloading 90 Unused Serialized files (Serialized files now loaded: 0)
Unloading 165 unused Assets / (16.5 MB). Loaded Objects now: 11114.
Memory consumption went from 0.75 GB to 0.74 GB.
Total: 44.494542 ms (FindLiveObjects: 1.617375 ms CreateObjectMapping: 1.204375 ms MarkObjects: 34.283333 ms  DeleteObjects: 7.389083 ms)


Asset Pipeline Refresh (id=6e3ae973ef2524aceb2df85cffd8eec0): Total: 0.320 seconds - Initiated by RefreshV2(AllowForceSynchronousImport)
	(Values over 0.05ms)
	Summary:
		Imports: total=0 (actual=0, local cache=0, cache server=0)
		Asset DB Process Time: managed=0 ms, native=316 ms
		Asset DB Callback time: managed=0 ms, native=3 ms
		Scripting: domain reloads=0, domain reload time=0 ms, compile time=0 ms, other=0 ms
		Project Asset Count: scripts=1767, non-scripts=4224
		Asset File Changes: new=0, changed=0, moved=0, deleted=0
		Scan Filter Count: 1
	InvokePackagesCallback: 2.747ms
	ApplyChangesToAssetFolders: 0.859ms
	Scan: 299.710ms
	Collect global state as custom dependencies: 1.993ms
	GatherAllCurrentPrimaryImportResultRevisions: 1.172ms
	UnloadStreamsBegin: 8.049ms
	UnloadStreamsEnd: 0.096ms
	Untracked: 5.676ms

2026-09-30 15:58:07.000 Unity[1420:23175] NSEventModifierFlagFunction specified to -setKeyEquivalentModifierMask: for item <NSMenuItem: 0x794335c20 SDF, ke='Command-F12'>, but is only supported for system-provided menu items; will not be used
2026-09-30 15:58:46.248 Unity[1420:23175] NSEventModifierFlagFunction specified to -setKeyEquivalentModifierMask: for item <NSMenuItem: 0x794331040 SDF, ke='Command-F12'>, but is only supported for system-provided menu items; will not be used
2026-09-30 15:59:23.898 Unity[1420:23175] NSEventModifierFlagFunction specified to -setKeyEquivalentModifierMask: for item <NSMenuItem: 0x78d9b3700 SDF, ke='Command-F12'>, but is only supported for system-provided menu items; will not be used
2026-09-30 16:02:09.613 Unity[1420:23175] NSEventModifierFlagFunction specified to -setKeyEquivalentModifierMask: for item <NSMenuItem: 0x79836f2a0 SDF, ke='Command-F12'>, but is only supported for system-provided menu items; will not be used
2026-09-30 16:02:09.628 Unity[1420:23175] NSEventModifierFlagFunction specified to -setKeyEquivalentModifierMask: for item <NSMenuItem: 0x79432eee0 SDF, ke='Command-F12'>, but is only supported for system-provided menu items; will not be used
2026-09-30 16:02:09.635 Unity[1420:23175] NSEventModifierFlagFunction specified to -setKeyEquivalentModifierMask: for item <NSMenuItem: 0x79432dea0 SDF, ke='Command-F12'>, but is only supported for system-provided menu items; will not be used
2026-09-30 16:02:09.641 Unity[1420:23175] NSEventModifierFlagFunction specified to -setKeyEquivalentModifierMask: for item <NSMenuItem: 0x79432fd40 SDF, ke='Command-F12'>, but is only supported for system-provided menu items; will not be used
2026-09-30 16:02:09.647 Unity[1420:23175] NSEventModifierFlagFunction specified to -setKeyEquivalentModifierMask: for item <NSMenuItem: 0x79432b2a0 SDF, ke='Command-F12'>, but is only supported for system-provided menu items; will not be used
2026-09-30 16:02:09.653 Unity[1420:23175] NSEventModifierFlagFunction specified to -setKeyEquivalentModifierMask: for item <NSMenuItem: 0x79432f5c0 SDF, ke='Command-F12'>, but is only supported for system-provided menu items; will not be used
2026-09-30 16:03:07.454 Unity[1420:23175] NSEventModifierFlagFunction specified to -setKeyEquivalentModifierMask: for item <NSMenuItem: 0x79836f840 SDF, ke='Command-F12'>, but is only supported for system-provided menu items; will not be used
2026-09-30 16:04:09.676 Unity[1420:23175] NSEventModifierFlagFunction specified to -setKeyEquivalentModifierMask: for item <NSMenuItem: 0x79836e760 SDF, ke='Command-F12'>, but is only supported for system-provided menu items; will not be used
Importing 'GUID: 46af0068df48a4e09b62d6074a64fbbb - Path: Assets/Terrain/New Terrain 1.asset' with importer (NativeFormatImporter)
Imported 'GUID: 46af0068df48a4e09b62d6074a64fbbb' -> (Import Result ID: 'a4caa441286ccae0a6ed426c615c2dbd') in 0.016 seconds [static dependencies only]. Details - ImportResultOutputID=00f45261f930a18bc5e4893278eec29e DependenciesID=974fdfab5cf7d54f264b1a15e388fd57 StaticDependenciesID=9faf60aabde96dbb3352d0b71841aab5 

Asset Pipeline Refresh (id=b0c498d34ec494fe494ffe9569340bce): Total: 0.637 seconds - Initiated by StopAssetImportingV2(NoUpdateAssetOptions)
	(Values over 0.05ms)
	Summary:
		Imports: total=1 (actual=1, local cache=0, cache server=0)
		Asset DB Process Time: managed=1 ms, native=494 ms
		Asset DB Callback time: managed=129 ms, native=11 ms
		Scripting: domain reloads=0, domain reload time=0 ms, compile time=0 ms, other=0 ms
		Project Asset Count: scripts=1767, non-scripts=4224
		Asset File Changes: new=0, changed=1, moved=0, deleted=0
		Scan Filter Count: 3
	ApplyChangesToAssetFolders: 0.278ms
	Scan: 12.056ms
	Collect global state as custom dependencies: 0.098ms
	OnSourceAssetsModified: 2.982ms
	CategorizeScriptCompilationAssets: 0.205ms
	ProcessAssetsWithTransientArtifactChanges: 0.539ms
	CategorizeAssets: 214.875ms
	ImportOutOfDateAssets: 131.482ms (33.320ms without children)
		ImportManagerImport: 23.349ms (4.588ms without children)
		ReloadNativeAssets: 0.286ms
		UnloadImportedAssets: 0.112ms
		EnsureUptoDateAssetsAreRegisteredWithGuidPM: 0.662ms
		InitializingProgressBar: 0.266ms
		ImportSchedulerStart: 73.485ms
	PostProcessAllAssets: 134.076ms
		XRBuildSystem.XRAssetImported 3.716ms
		AssemblyValidation.PostprocessAllAssets 0.274ms
		PostProcessCallbackCreateDeferredMaterials 0.154ms
		MonoPostProcessAllAssets: 128.105ms
			AssetPostprocessor.OnPostprocessAllAssets 103.070ms
			BuilderAssetPostprocessor.OnPostprocessAllAssets 9.403ms
			VFXGraphPreprocessor.OnPostprocessAllAssets 1.535ms
			SyncVS.PostprocessSyncProject 1.509ms
			ShaderGraphAssetPostProcessor.OnPostprocessAllAssets 1.487ms
			RetainedModeAssetPostprocessor.OnPostprocessAllAssets 1.002ms
			AssetChangedListener.OnPostprocessAllAssets 0.647ms
			ArtifactBrowserPostProcessor.OnPostprocessAllAssets 0.571ms
			TMPro_TexturePostProcessor.OnPostprocessAllAssets 0.557ms
			MaterialPostprocessor.OnPostprocessAllAssets 0.548ms
			SampleDependencyImporterPostProcessor.OnPostprocessAllAssets 0.463ms
			UVCSAssetPostprocessor.OnPostprocessAllAssets 0.331ms
			TextAssetPostProcessor.OnPostprocessAllAssets 0.325ms
			AudioMixerPostprocessor.OnPostprocessAllAssets 0.257ms
			InputActionJsonNameModifierAssetProcessor.OnPostprocessAllAssets 0.229ms
			PostProcessor.OnPostprocessAllAssets 0.204ms
			StyleCatalogPostProcessor.OnPostprocessAllAssets 0.166ms
			AssetEvents.OnPostprocessAllAssets 0.162ms
			InputActionAssetPostprocessor.OnPostprocessAllAssets 0.157ms
			SamplePostprocessor.OnPostprocessAllAssets 0.122ms
			ScenarioDriftAssetsTracker.OnPostprocessAllAssets 0.121ms
			SpeedTreePostProcessor.OnPostprocessAllAssets 0.112ms
			ConfigAssetsTracker.OnPostprocessAllAssets 0.109ms
	PostAssetChangesProfiler: 4.139ms
	GatherAllCurrentPrimaryImportResultRevisions: 0.976ms
	UnloadStreamsBegin: 4.775ms
	PersistCurrentRevisions: 0.208ms
	Untracked: 130.552ms

Importing 'GUID: 99c9720ab356a0642a771bea13969a05 - Path: Assets/Scenes/SampleScene.unity' with importer (DefaultImporter)
Imported 'GUID: 99c9720ab356a0642a771bea13969a05' -> (Import Result ID: '34e1f7b72b2608b83d09e7fd5c567709') in 0.002 seconds [static dependencies only]. Details - ImportResultOutputID=378ca25c6c95e370f41ed482e616ed68 DependenciesID=c45f4236eabb81d388632f05e11a016a StaticDependenciesID=4be0ffd480798107dfe6637511090304 
Asset Pipeline Refresh (id=a8b78fb3674094911a9c3241dd22ea95): Total: 0.103 seconds - Initiated by StopAssetImportingV2(NoUpdateAssetOptions)
Starting new worker id: 1 with log in /Users/alokshinde/Desktop/Unity Projects/project 3rd/Logs/AssetImportWorkerHW1.log
[Worker0] Imported GUID: 46af0068df48a4e09b62d6074a64fbbb - Path: Assets/Terrain/New Terrain 1.asset - Importer: ScriptedImporter/UnityEditor.QuickSearchModule:UnityEditor.Search:ASIAI0B -> (ImportResultId: 'e9f2214e68e0d1ceb940b5e9c9354ed7') in 0.102881 seconds
Worker ready: AssetImportWorkerHW1 1

Asset Pipeline Refresh (id=790719516d1904c25ae4f291139cde33): Total: 0.306 seconds - Initiated by RefreshV2(AllowForceSynchronousImport)
	(Values over 0.05ms)
	Summary:
		Imports: total=0 (actual=0, local cache=0, cache server=0)
		Asset DB Process Time: managed=0 ms, native=301 ms
		Asset DB Callback time: managed=0 ms, native=4 ms
		Scripting: domain reloads=0, domain reload time=0 ms, compile time=0 ms, other=0 ms
		Project Asset Count: scripts=1767, non-scripts=4224
		Asset File Changes: new=0, changed=0, moved=0, deleted=0
		Scan Filter Count: 1
	InvokePackagesCallback: 4.531ms
	ApplyChangesToAssetFolders: 0.753ms
	Scan: 291.456ms
	Collect global state as custom dependencies: 0.935ms
	GatherAllCurrentPrimaryImportResultRevisions: 2.507ms
	UnloadStreamsBegin: 2.323ms
	UnloadStreamsEnd: 0.102ms
	Untracked: 3.396ms

Asset Pipeline Refresh (id=9b344ad66b3fe465582473a223b4ec0b): Total: 0.140 seconds - Initiated by RefreshV2(AllowForceSynchronousImport)
Asset Pipeline Refresh (id=c46205a992c33480b89faaba38d9781d): Total: 0.183 seconds - Initiated by RefreshV2(AllowForceSynchronousImport)
Asset Pipeline Refresh (id=f0d693b8b8f1a440983de23d47e2ed73): Total: 0.159 seconds - Initiated by RefreshV2(AllowForceSynchronousImport)
Asset Pipeline Refresh (id=31e56d7626b2d4ec58d1e1ead875c1ef): Total: 0.247 seconds - Initiated by RefreshV2(AllowForceSynchronousImport)
Asset Pipeline Refresh (id=8634942052e014027ae9554545528985): Total: 0.175 seconds - Initiated by RefreshV2(AllowForceSynchronousImport)
2026-09-30 16:16:43.842 Unity[1420:23175] NSEventModifierFlagFunction specified to -setKeyEquivalentModifierMask: for item <NSMenuItem: 0x7942932a0 SDF, ke='Command-F12'>, but is only supported for system-provided menu items; will not be used
Asset Pipeline Refresh (id=26d157715554347838daf51027aed3cf): Total: 0.168 seconds - Initiated by RefreshV2(AllowForceSynchronousImport)
Asset Pipeline Refresh (id=6a16d9dc65447446b85b0a550ed78d41): Total: 0.148 seconds - Initiated by RefreshV2(AllowForceSynchronousImport)
Asset Pipeline Refresh (id=7de7dd008e5ed4eb2b26ba69a6fd3f68): Total: 0.152 seconds - Initiated by RefreshV2(AllowForceSynchronousImport)

Asset Pipeline Refresh (id=f82b31095764d4082aaaf1a13de3cb92): Total: 0.351 seconds - Initiated by RefreshV2(AllowForceSynchronousImport)
	(Values over 0.05ms)
	Summary:
		Imports: total=0 (actual=0, local cache=0, cache server=0)
		Asset DB Process Time: managed=0 ms, native=345 ms
		Asset DB Callback time: managed=0 ms, native=4 ms
		Scripting: domain reloads=0, domain reload time=0 ms, compile time=0 ms, other=0 ms
		Project Asset Count: scripts=1767, non-scripts=4224
		Asset File Changes: new=0, changed=0, moved=0, deleted=0
		Scan Filter Count: 1
	InvokePackagesCallback: 4.227ms
	ApplyChangesToAssetFolders: 0.982ms
	Scan: 336.510ms
	Collect global state as custom dependencies: 3.109ms
	GatherAllCurrentPrimaryImportResultRevisions: 0.885ms
	UnloadStreamsBegin: 0.751ms
	UnloadStreamsEnd: 0.104ms
	Untracked: 3.814ms

Asset Pipeline Refresh (id=cf0af2b27791644438842fb4419d7b79): Total: 0.297 seconds - Initiated by RefreshV2(AllowForceSynchronousImport)

Asset Pipeline Refresh (id=d8df1e731c0834686a309d2a47ff2f88): Total: 0.309 seconds - Initiated by RefreshV2(AllowForceSynchronousImport)
	(Values over 0.05ms)
	Summary:
		Imports: total=0 (actual=0, local cache=0, cache server=0)
		Asset DB Process Time: managed=0 ms, native=301 ms
		Asset DB Callback time: managed=0 ms, native=6 ms
		Scripting: domain reloads=0, domain reload time=0 ms, compile time=0 ms, other=0 ms
		Project Asset Count: scripts=1767, non-scripts=4224
		Asset File Changes: new=0, changed=0, moved=0, deleted=0
		Scan Filter Count: 1
	InvokePackagesCallback: 6.503ms
	ApplyChangesToAssetFolders: 0.855ms
	Scan: 284.819ms
	Collect global state as custom dependencies: 4.558ms
	GatherAllCurrentPrimaryImportResultRevisions: 1.322ms
	UnloadStreamsBegin: 3.809ms
	UnloadStreamsEnd: 0.105ms
	Untracked: 6.580ms

Asset Pipeline Refresh (id=2ae73e15c24d24ffaab2e9ead9955d2c): Total: 0.172 seconds - Initiated by RefreshV2(AllowForceSynchronousImport)
Asset Pipeline Refresh (id=474c2d00dc9d040818e9db21464bd0cf): Total: 0.160 seconds - Initiated by RefreshV2(AllowForceSynchronousImport)
Asset Pipeline Refresh (id=89264822ead55437ea8758e1ecfe026e): Total: 0.141 seconds - Initiated by RefreshV2(AllowForceSynchronousImport)
Asset Pipeline Refresh (id=1c4f4270b776844a0b11578aad162174): Total: 0.171 seconds - Initiated by RefreshV2(AllowForceSynchronousImport)
2026-09-30 16:29:17.343 Unity[1420:23175] NSEventModifierFlagFunction specified to -setKeyEquivalentModifierMask: for item <NSMenuItem: 0x794292da0 SDF, ke='Command-F12'>, but is only supported for system-provided menu items; will not be used
Asset Pipeline Refresh (id=202bf3b568a834665a0e75c8084a7713): Total: 0.170 seconds - Initiated by RefreshV2(AllowForceSynchronousImport)
[Licensing::Client] Successfully resolved entitlement details
Asset Pipeline Refresh (id=d91d233aae6044d08840a26a60432448): Total: 0.182 seconds - Initiated by RefreshV2(AllowForceSynchronousImport)
2026-09-30 16:30:04.611 Unity[1420:23175] NSEventModifierFlagFunction specified to -setKeyEquivalentModifierMask: for item <NSMenuItem: 0x7987719a0 SDF, ke='Command-F12'>, but is only supported for system-provided menu items; will not be used
2026-09-30 16:30:11.462 Unity[1420:23175] NSEventModifierFlagFunction specified to -setKeyEquivalentModifierMask: for item <NSMenuItem: 0x7977d0c80 SDF, ke='Command-F12'>, but is only supported for system-provided menu items; will not be used
Asset Pipeline Refresh (id=07a15d183a939484594739c7f060f946): Total: 0.228 seconds - Initiated by RefreshV2(AllowForceSynchronousImport)
2026-09-30 16:31:12.929 Unity[1420:23175] NSEventModifierFlagFunction specified to -setKeyEquivalentModifierMask: for item <NSMenuItem: 0x79a0f8fa0 SDF, ke='Command-F12'>, but is only supported for system-provided menu items; will not be used
AcceleratorClientConnectionCallback - disconnected - :0
AcceleratorClientConnectionCallback - disconnected - :0
Asset Pipeline Refresh (id=afdcf80f961db4bf78db6e670070a478): Total: 0.145 seconds - Initiated by RefreshV2(AllowForceSynchronousImport)
Asset Pipeline Refresh (id=e959d4c8e1e0f483a9252e764240c355): Total: 0.212 seconds - Initiated by RefreshV2(AllowForceSynchronousImport)
2026-09-30 16:32:02.908 Unity[1420:23175] NSEventModifierFlagFunction specified to -setKeyEquivalentModifierMask: for item <NSMenuItem: 0x7987bed00 SDF, ke='Command-F12'>, but is only supported for system-provided menu items; will not be used
Asset Pipeline Refresh (id=db3c8530460a542388132cdf3a11e688): Total: 0.173 seconds - Initiated by RefreshV2(AllowForceSynchronousImport)
[Licensing::Client] Successfully resolved entitlement details
[Licensing::Client] Successfully resolved entitlement details
[Licensing::Client] Successfully resolved entitlement details
[Licensing::Client] Successfully resolved entitlement details
[Licensing::Client] Successfully resolved entitlement details
[Licensing::Client] Successfully resolved entitlement details
[Licensing::Client] Successfully resolved entitlement details
[Licensing::Client] Successfully resolved entitlement details
[Licensing::Client] Successfully resolved entitlement details
[Licensing::Client] Successfully resolved entitlement details
[Licensing::Client] Successfully resolved entitlement details
[Licensing::Client] Successfully resolved entitlement details
[Licensing::Client] Successfully resolved entitlement details
[Licensing::Client] Successfully resolved entitlement details
[Licensing::Client] Successfully resolved entitlement details
[Licensing::Client] Successfully resolved entitlement details
[Licensing::Client] Successfully resolved entitlement details
[Licensing::Client] Successfully resolved entitlement details
[Licensing::Client] Successfully resolved entitlement details
[Licensing::Client] Successfully resolved entitlement details
[Licensing::Client] Successfully resolved entitlement details
[Licensing::Client] Successfully resolved entitlement details
[Licensing::Client] Successfully resolved entitlement details
[Licensing::Client] Successfully resolved entitlement details
[Licensing::Client] Successfully resolved entitlement details
[Licensing::Client] Successfully resolved entitlement details
[Licensing::Client] Successfully resolved entitlement details
[Licensing::Client] Successfully resolved entitlement details
[Licensing::Client] Successfully resolved entitlement details
[Licensing::Client] Successfully resolved entitlement details
[Licensing::Client] Successfully resolved entitlement details
[Licensing::Client] Successfully resolved entitlement details
[Licensing::Client] Successfully resolved entitlement details
[Licensing::Client] Successfully resolved entitlement details
[Licensing::Client] Successfully resolved entitlement details
[Licensing::Client] Successfully resolved entitlement details
Asset Pipeline Refresh (id=d5cedd8245f754342860a628d733653e): Total: 0.215 seconds - Initiated by RefreshV2(AllowForceSynchronousImport)
Asset Pipeline Refresh (id=39d0f99aff84c4f0f877d40487e5fe63): Total: 0.170 seconds - Initiated by RefreshV2(AllowForceSynchronousImport)

Asset Pipeline Refresh (id=1650eaafb61e940bcb9b9f300255e449): Total: 0.332 seconds - Initiated by RefreshV2(AllowForceSynchronousImport)
	(Values over 0.05ms)
	Summary:
		Imports: total=0 (actual=0, local cache=0, cache server=0)
		Asset DB Process Time: managed=0 ms, native=324 ms
		Asset DB Callback time: managed=0 ms, native=6 ms
		Scripting: domain reloads=0, domain reload time=0 ms, compile time=0 ms, other=0 ms
		Project Asset Count: scripts=1767, non-scripts=4224
		Asset File Changes: new=0, changed=0, moved=0, deleted=0
		Scan Filter Count: 1
	InvokePackagesCallback: 6.272ms
	ApplyChangesToAssetFolders: 0.772ms
	Scan: 313.775ms
	Collect global state as custom dependencies: 2.301ms
	GatherAllCurrentPrimaryImportResultRevisions: 1.513ms
	UnloadStreamsBegin: 2.051ms
	UnloadStreamsEnd: 0.100ms
	Untracked: 4.861ms

Asset Pipeline Refresh (id=90d8c6543114c4916a7305389aeac05d): Total: 0.113 seconds - Initiated by RefreshV2(AllowForceSynchronousImport)
Asset Pipeline Refresh (id=752075ec628194044a1a01437809b6ad): Total: 0.175 seconds - Initiated by RefreshV2(AllowForceSynchronousImport)
Request Asset Garbage Collect because used heap size increased from 0.71 GB to 0.97 GB, exceeding the threshold of 256.0 MB.
Unloading 8 Unused Serialized files (Serialized files now loaded: 0)
Unloading 244 unused Assets / (141.8 KB). Loaded Objects now: 11379.
Memory consumption went from 0.97 GB to 0.97 GB.
Total: 67.117209 ms (FindLiveObjects: 4.344459 ms CreateObjectMapping: 1.337250 ms MarkObjects: 56.501709 ms  DeleteObjects: 4.932667 ms)

Asset Pipeline Refresh (id=7abe191cbed7741f3bb53f15fda49205): Total: 0.167 seconds - Initiated by RefreshV2(AllowForceSynchronousImport)

Asset Pipeline Refresh (id=a996de8267b94458ea6b9048cbe335cd): Total: 0.456 seconds - Initiated by StopAssetImportingV2(NoUpdateAssetOptions)
	(Values over 0.05ms)
	Summary:
		Imports: total=0 (actual=0, local cache=0, cache server=0)
		Asset DB Process Time: managed=0 ms, native=418 ms
		Asset DB Callback time: managed=27 ms, native=10 ms
		Scripting: domain reloads=0, domain reload time=0 ms, compile time=0 ms, other=0 ms
		Project Asset Count: scripts=1767, non-scripts=4224
		Asset File Changes: new=0, changed=1, moved=3, deleted=0
		Scan Filter Count: 4
	ApplyChangesToAssetFolders: 0.100ms
	Scan: 8.266ms
	OnSourceAssetsModified: 2.108ms
	ProcessAssetsWithTransientArtifactChanges: 0.528ms
	CategorizeAssets: 204.466ms
	ImportOutOfDateAssets: 123.842ms (38.317ms without children)
		ReloadNativeAssets: 0.349ms
		UnloadImportedAssets: 0.126ms
		EnsureUptoDateAssetsAreRegisteredWithGuidPM: 0.662ms
		ImportSchedulerStart: 84.387ms
	PostProcessAllAssets: 17.709ms
		XRBuildSystem.XRAssetImported 4.265ms
		WindowTitlePostprocess 0.162ms
		AssemblyValidation.PostprocessAllAssets 0.145ms
		MonoPostProcessAllAssets: 11.550ms
			ShaderGraphAssetPostProcessor.OnPostprocessAllAssets 5.842ms
			AssetChangedListener.OnPostprocessAllAssets 2.163ms
			SyncVS.PostprocessSyncProject 2.042ms
			AssetPostprocessor.OnPostprocessAllAssets 0.390ms
			RenderPipelineGlobalSettingsPostprocessor.OnPostprocessAllAssets 0.191ms
			PostProcessor.OnPostprocessAllAssets 0.055ms
	PostAssetChangesProfiler: 18.399ms
	GatherAllCurrentPrimaryImportResultRevisions: 0.227ms
	PersistCurrentRevisions: 0.158ms
	Untracked: 80.484ms

[Worker1] Imported GUID: ec7631fecb9224f13b2775dc623c57be - Path: Assets/Settings/HDRPDefaultResources/DefaultSettingsVolumeProfile.asset - Importer: ScriptedImporter/UnityEditor.QuickSearchModule:UnityEditor.Search:ASIAI0B -> (ImportResultId: '13b2c747965bac24ce92ca553d20114c') in 0.166809708 seconds
[Worker1] Imported GUID: ab356b1e2943149dd90eb72a005ddbee - Path: Assets/Settings/HDRPDefaultResources - Importer: ScriptedImporter/UnityEditor.QuickSearchModule:UnityEditor.Search:ASIAI0B -> (ImportResultId: 'fc1931c90e7c81df9274fb571a582a1f') in 0.023009084 seconds
[Worker0] Imported GUID: a7099d43f8c87421cbaa8e420c97a792 - Path: Assets/Settings/HDRPDefaultResources/HDRenderPipelineGlobalSettings.asset - Importer: ScriptedImporter/UnityEditor.QuickSearchModule:UnityEditor.Search:ASIAI0B -> (ImportResultId: 'bf4bfae3efcd6d084c08e67a16f94434') in 0.745721708 seconds
[Worker1] Imported GUID: bf0e3e0c64bef47c0b9c53270f789070 - Path: Assets/Terrain/New Terrain.asset - Importer: PreviewImporter -> (ImportResultId: '9ca35a8fc31aa3ceccb041b0e762c4da') in 0.066931375 seconds
[Worker1] Imported GUID: 46af0068df48a4e09b62d6074a64fbbb - Path: Assets/Terrain/New Terrain 1.asset - Importer: PreviewImporter -> (ImportResultId: 'b5456206b4d25fe47494ae8825cae2be') in 0.023488292 seconds
[Worker0] Imported GUID: 84a945471f471473abf6b71f22a34c2f - Path: Assets/Terrain/TerrainData_adf1580b-dfa9-4fee-a520-e8f4d1a9c087.asset - Importer: PreviewImporter -> (ImportResultId: 'de9c4e02aea056e8d561769fe10e49fe') in 0.050396834 seconds
2026-09-30 16:37:25.824 Unity[1420:23175] NSEventModifierFlagFunction specified to -setKeyEquivalentModifierMask: for item <NSMenuItem: 0x79a0fb0c0 SDF, ke='Command-F12'>, but is only supported for system-provided menu items; will not be used
2026-09-30 16:37:27.608 Unity[1420:23175] NSEventModifierFlagFunction specified to -setKeyEquivalentModifierMask: for item <NSMenuItem: 0x794290d20 SDF, ke='Command-F12'>, but is only supported for system-provided menu items; will not be used
Importing 'GUID: 5a57b17d149d141469f8e01860e6e21a - Path: Assets/Input' with importer (DefaultImporter)
Imported 'GUID: 5a57b17d149d141469f8e01860e6e21a' -> (Import Result ID: '9c975346bbfd5a18e1f665b3e8a4bd45') in 0.003 seconds [static dependencies only]. Details - ImportResultOutputID=4c65d96555d40116287b8f474455841e DependenciesID=44303aa0ce4a279c0619bf74c70ae061 StaticDependenciesID=43dbde8446f699fd33862513d971652c 
Asset Pipeline Refresh (id=4d8c34c7f3dbe4713bb24570e3421634): Total: 0.152 seconds - Initiated by StopAssetImportingV2(NoUpdateAssetOptions)
[Worker0] Imported GUID: 5a57b17d149d141469f8e01860e6e21a - Path: Assets/Input - Importer: PreviewImporter -> (ImportResultId: 'a33dc14a883cb428af3409360ed3cd19') in 0.020052958 seconds
[Worker0] Imported GUID: 5a57b17d149d141469f8e01860e6e21a - Path: Assets/Input - Importer: ScriptedImporter/UnityEditor.QuickSearchModule:UnityEditor.Search:ASIAI0B -> (ImportResultId: '51c422db87945039c73e7307027e3cc6') in 0.022579792 seconds
Asset Pipeline Refresh (id=2d24f210d0f1a4871b4bd26efb1e9d30): Total: 0.143 seconds - Initiated by StopAssetImportingV2(NoUpdateAssetOptions)
Asset Pipeline Refresh (id=02582d9558a62412a9d96fe5d5e39ea2): Total: 0.001 seconds - Initiated by StopAssetImportingV2(NoUpdateAssetOptions)
[Worker0] Imported GUID: 052faaac586de48259a63d0c4782560b - Path: Assets/Input/InputSystem_Actions.inputactions - Importer: ScriptedImporter/UnityEditor.QuickSearchModule:UnityEditor.Search:ASIAI0B -> (ImportResultId: '7083f861d884813051468b5e03c7e503') in 0.133750958 seconds
Asset Pipeline Refresh (id=0eea3d8ee69604cf1946211d2cf7d649): Total: 0.190 seconds - Initiated by RefreshV2(AllowForceSynchronousImport)
2026-09-30 16:37:49.638 Unity[1420:23175] NSEventModifierFlagFunction specified to -setKeyEquivalentModifierMask: for item <NSMenuItem: 0x79432c960 SDF, ke='Command-F12'>, but is only supported for system-provided menu items; will not be used
Importing 'GUID: 7aabea07270284eb7ac6c5fb1ea49f5e - Path: Assets/Imported_Aseests' with importer (DefaultImporter)
Imported 'GUID: 7aabea07270284eb7ac6c5fb1ea49f5e' -> (Import Result ID: '4396b5c216ae990b117c6f6b65a125ca') in 0.002 seconds [static dependencies only]. Details - ImportResultOutputID=4e7136c3c8519046d63b3a8d5d0593fb DependenciesID=129642e6b43fb68711bc1bbbbb65b912 StaticDependenciesID=0c52890d0973f56f794107172c20161a 
Asset Pipeline Refresh (id=e081b2715ccd04d82a64c604f981e8b1): Total: 0.151 seconds - Initiated by StopAssetImportingV2(NoUpdateAssetOptions)
[Worker0] Imported GUID: 7aabea07270284eb7ac6c5fb1ea49f5e - Path: Assets/Imported_Aseests - Importer: PreviewImporter -> (ImportResultId: 'a92d2cbbe12f8f6845ab9105b701dab5') in 0.025571375 seconds
[Worker0] Imported GUID: 7aabea07270284eb7ac6c5fb1ea49f5e - Path: Assets/Imported_Aseests - Importer: ScriptedImporter/UnityEditor.QuickSearchModule:UnityEditor.Search:ASIAI0B -> (ImportResultId: '4a22ab10bb8b1f3b282b526f035c692c') in 0.024512375 seconds
[Worker0] Imported GUID: f0f4bc7f1e92642e496496a528294b37 - Path: Assets/TerrainSampleAssets - Importer: PreviewImporter -> (ImportResultId: 'a0fa39e7f0083346b0056a1463827fc9') in 0.019702375 seconds
Importing 'GUID: dfa3b96612ed4df4a97b7fd06217ba23 - Path: Assets/Imported_Aseests/TerrainSampleAssets/ShaderGraphs/TerrainGrass.shadergraph' with importer (ScriptedImporter : Unity.ShaderGraph.Editor:UnityEditor.ShaderGraph:ShaderGraphImporter)
Imported 'GUID: dfa3b96612ed4df4a97b7fd06217ba23' -> (Import Result ID: '15648018bed48fb7fdc3419610c64839') in 1.001 seconds [static and dynamic dependencies]. Details - ImportResultOutputID=ec5cf2426680fed21eaf314b4fe5d3bb DependenciesID=70c2c7a731cc0d7ed8bdbbcd7013217e StaticDependenciesID=fc6c8d4b1f48dd880caf41c7b864cd71 
[Licensing::Client] Successfully resolved entitlement details

Asset Pipeline Refresh (id=8e794af1a29ff44988c191d85b1af1d5): Total: 3.199 seconds - Initiated by StopAssetImportingV2(NoUpdateAssetOptions)
	(Values over 0.05ms)
	Summary:
		Imports: total=1 (actual=1, local cache=0, cache server=0)
		Asset DB Process Time: managed=0 ms, native=2504 ms
		Asset DB Callback time: managed=283 ms, native=409 ms
		Scripting: domain reloads=0, domain reload time=0 ms, compile time=0 ms, other=0 ms
		Project Asset Count: scripts=1769, non-scripts=4224
		Asset File Changes: new=0, changed=14, moved=258, deleted=0
		Scan Filter Count: 4
	ApplyChangesToAssetFolders: 0.098ms
	Scan: 1223.197ms
	Collect global state as custom dependencies: 0.869ms
	OnSourceAssetsModified: 31.624ms
	CategorizeScriptCompilationAssets: 0.256ms
	ProcessAssetsWithTransientArtifactChanges: 0.114ms
	CategorizeAssets: 65.061ms
	ImportOutOfDateAssets: 1187.618ms (13.565ms without children)
		ImportManagerImport: 1054.108ms (49.676ms without children)
			UpdateCategorizedAssets: 1.243ms
		ReloadNativeAssets: 0.230ms
		UnloadImportedAssets: 0.155ms
		EnsureUptoDateAssetsAreRegisteredWithGuidPM: 0.642ms
		InitializingProgressBar: 47.634ms
		ImportSchedulerStart: 71.281ms
	PostProcessAllAssets: 655.871ms
		ShaderAssetModifiedCallback 371.664ms
		XRBuildSystem.XRAssetImported 0.369ms
		AssemblyValidation.PostprocessAllAssets 0.208ms
		LocalizationDatabase.AssetDatabasePostprocessCallback 0.141ms
		ComputeShaderImportPostprocess 0.075ms
		PostProcessCallbackCreateDeferredMaterials 0.063ms
		MonoPostProcessAllAssets: 281.540ms
			PostProcessor.OnPostprocessAllAssets 158.057ms
			SyncVS.PostprocessSyncProject 99.697ms
			AssetPostprocessor.OnPostprocessAllAssets 9.413ms
			ShaderGraphAssetPostProcessor.OnPostprocessAllAssets 9.006ms
			InputActionJsonNameModifierAssetProcessor.OnPostprocessAllAssets 1.737ms
			AssetChangedListener.OnPostprocessAllAssets 1.644ms
			InputActionAssetPostprocessor.OnPostprocessAllAssets 0.933ms
			TMPro_TexturePostProcessor.OnPostprocessAllAssets 0.053ms
			VFXGraphPreprocessor.OnPostprocessAllAssets 0.053ms
	PostAssetChangesProfiler: 7.059ms
	GatherAllCurrentPrimaryImportResultRevisions: 0.327ms
	UnloadStreamsBegin: 1.249ms
	PersistCurrentRevisions: 0.217ms
	Untracked: 25.225ms

[Worker0] Imported GUID: 403f503485f141040ad4a96e37fbf98b - Path: Assets/Imported_Aseests/TerrainSampleAssets/Textures/Terrain - Importer: ScriptedImporter/UnityEditor.QuickSearchModule:UnityEditor.Search:ASIAI0B -> (ImportResultId: '67e4e38341f8c1d6ea273c180fe7298f') in 0.036648458 seconds
[Worker1] Imported GUID: f31e3331ec5f6954e8c6ac51cc3d8c79 - Path: Assets/Imported_Aseests/TerrainSampleAssets/TerrainBrushes/Terrainstamp_Hills02_Brush.brush - Importer: ScriptedImporter/UnityEditor.QuickSearchModule:UnityEditor.Search:ASIAI0B -> (ImportResultId: '3b06488a30e891f2638fb6689ee58bc0') in 0.080162917 seconds
[Worker1] Imported GUID: f0f4bc7f1e92642e496496a528294b37 - Path: Assets/Imported_Aseests/TerrainSampleAssets - Importer: ScriptedImporter/UnityEditor.QuickSearchModule:UnityEditor.Search:ASIAI0B -> (ImportResultId: '66768cae98b052ffae348399d597763b') in 0.025884583 seconds
[Worker0] Imported GUID: 2d6f4b0351691d54aadd4f4283b63025 - Path: Assets/Imported_Aseests/TerrainSampleAssets/Textures/Details/Plant_BaseColor.tif - Importer: ScriptedImporter/UnityEditor.QuickSearchModule:UnityEditor.Search:ASIAI0B -> (ImportResultId: '5c935e5804da74d656d9fe881e9857dc') in 0.076172375 seconds
[Worker0] Imported GUID: a1bf8640a3ac9344fa3714a5a9561084 - Path: Assets/Imported_Aseests/TerrainSampleAssets/Models - Importer: ScriptedImporter/UnityEditor.QuickSearchModule:UnityEditor.Search:ASIAI0B -> (ImportResultId: '3f22cbe387018fdc84929a8193cbf6be') in 0.024025792 seconds
[Worker0] Imported GUID: 61e8c4f14d0453448b7e510f7f96990c - Path: Assets/Imported_Aseests/TerrainSampleAssets/TerrainBrushes/Terrainstamp_Crackedground02_Brush.brush - Importer: ScriptedImporter/UnityEditor.QuickSearchModule:UnityEditor.Search:ASIAI0B -> (ImportResultId: 'c3f44ce1d9326e40b66834dd0b3988f0') in 0.028501667 seconds
[Worker1] Imported GUID: dd902ff2a6f685041be127af00c09664 - Path: Assets/Imported_Aseests/TerrainSampleAssets/Prefabs/Heather_B.prefab - Importer: ScriptedImporter/UnityEditor.QuickSearchModule:UnityEditor.Search:ASIAI0B -> (ImportResultId: 'e3ea354e7fa63b2af2b1c3715320d990') in 0.085256583 seconds
[Worker1] Imported GUID: bd1fcb10d2c5b5d4ba6e01a34e4735be - Path: Assets/Imported_Aseests/TerrainSampleAssets/TerrainLayers/Grass_B_TerrainLayer.terrainlayer - Importer: ScriptedImporter/UnityEditor.QuickSearchModule:UnityEditor.Search:ASIAI0B -> (ImportResultId: 'f101e6de2ab6aa84a565b69200f1ad61') in 0.040330875 seconds
[Worker0] Imported GUID: 176a42107ce66c44aa74a67424591597 - Path: Assets/Imported_Aseests/TerrainSampleAssets/Prefabs/BushDry_A.prefab - Importer: ScriptedImporter/UnityEditor.QuickSearchModule:UnityEditor.Search:ASIAI0B -> (ImportResultId: '99130ac40a287038062900cfd5370236') in 0.070250459 seconds
[Worker1] Imported GUID: 0a701dc0b49cb264c88918e012866821 - Path: Assets/Imported_Aseests/TerrainSampleAssets/Prefabs/Plant_B.prefab - Importer: ScriptedImporter/UnityEditor.QuickSearchModule:UnityEditor.Search:ASIAI0B -> (ImportResultId: '9c972d3698f7ae7c52a499d00763bdf9') in 0.033505875 seconds
[Worker0] Imported GUID: d3cf4500414007c4c895584cfcf1fbc3 - Path: Assets/Imported_Aseests/TerrainSampleAssets/Textures/Details/GrassDry_MaskMap.tif - Importer: ScriptedImporter/UnityEditor.QuickSearchModule:UnityEditor.Search:ASIAI0B -> (ImportResultId: '3f066c95c8462b8d2f4eefcc87694cdc') in 0.029946375 seconds
[Worker1] Imported GUID: 95c06121a3f5d524c8cad4ff4e302950 - Path: Assets/Imported_Aseests/TerrainSampleAssets/Models/GrassDry_A.asset - Importer: ScriptedImporter/UnityEditor.QuickSearchModule:UnityEditor.Search:ASIAI0B -> (ImportResultId: '5093cf2260a3011a61bae7f155a8aa31') in 0.029993083 seconds
[Worker0] Imported GUID: d2a704d1b2d8ad948aab36a028a684b5 - Path: Assets/Imported_Aseests/TerrainSampleAssets/Textures/Heightmaps/Flat_Mountain01_Heightmap.tif - Importer: ScriptedImporter/UnityEditor.QuickSearchModule:UnityEditor.Search:ASIAI0B -> (ImportResultId: 'd0f064f87b14d6a5a4b6523dec69e106') in 0.032356917 seconds
[Worker0] Imported GUID: e9a1c1b060b9b2c4989233f1037f9d5d - Path: Assets/Imported_Aseests/TerrainSampleAssets/Textures/Details/Grass_A_MaskMap.tif - Importer: ScriptedImporter/UnityEditor.QuickSearchModule:UnityEditor.Search:ASIAI0B -> (ImportResultId: '04911a1ef970653fb6578d192fdae152') in 0.03021075 seconds
[Worker1] Imported GUID: 2093015066086b94e9636a0e1f1344ea - Path: Assets/Imported_Aseests/TerrainSampleAssets/Textures/Heightmaps/Ridge01_Heightmap.tif - Importer: ScriptedImporter/UnityEditor.QuickSearchModule:UnityEditor.Search:ASIAI0B -> (ImportResultId: '264d3ee93baf63ab28ea93dffc5b2a0f') in 0.051247208 seconds
[Worker0] Imported GUID: 4e6885e0d11bd224fa27617a4657c329 - Path: Assets/Imported_Aseests/TerrainSampleAssets/Prefabs/Grass_A.prefab - Importer: ScriptedImporter/UnityEditor.QuickSearchModule:UnityEditor.Search:ASIAI0B -> (ImportResultId: '9518c9026f2dd9a7b6ca4d9b52c26618') in 0.028189167 seconds
[Worker1] Imported GUID: fa4ffd32709146c448c403bfd045f3fb - Path: Assets/Imported_Aseests/TerrainSampleAssets/Models/Heather_B.asset - Importer: ScriptedImporter/UnityEditor.QuickSearchModule:UnityEditor.Search:ASIAI0B -> (ImportResultId: 'aa048188e29edb974667823340e8074c') in 0.021465583 seconds
[Worker1] Imported GUID: 773f0cf0efc85a14a9f70e559642746f - Path: Assets/Imported_Aseests/TerrainSampleAssets/Textures/Terrain/Soil_Rocks_Normal.tif - Importer: ScriptedImporter/UnityEditor.QuickSearchModule:UnityEditor.Search:ASIAI0B -> (ImportResultId: 'f4ade13b62f6e79f1ab0889bce6d6a6b') in 0.026830041 seconds
[Worker1] Imported GUID: 214f6da7065a69346b1ec423d8756968 - Path: Assets/Imported_Aseests/TerrainSampleAssets/ShaderGraphs - Importer: ScriptedImporter/UnityEditor.QuickSearchModule:UnityEditor.Search:ASIAI0B -> (ImportResultId: 'a3ac83d10ffa1d6c0d17854594c6e34d') in 0.021406167 seconds
[Worker1] Imported GUID: 22848ae0b35f9cb4f830ade382bd4f44 - Path: Assets/Imported_Aseests/TerrainSampleAssets/ShaderGraphs/Subgraphs/MainLight.shadersubgraph - Importer: ScriptedImporter/UnityEditor.QuickSearchModule:UnityEditor.Search:ASIAI0B -> (ImportResultId: '5d5e5aa2e742a6c11528ba1768b21b6e') in 0.02510025 seconds
[Worker1] Imported GUID: 2aec11f43f8ed014b961b28ac00ab436 - Path: Assets/Imported_Aseests/TerrainSampleAssets/Materials - Importer: ScriptedImporter/UnityEditor.QuickSearchModule:UnityEditor.Search:ASIAI0B -> (ImportResultId: '290646d6637f5c819f066b2812df0b57') in 0.021896333 seconds
[Worker1] Imported GUID: 363319f155d126f42babcdde1483c92d - Path: Assets/Imported_Aseests/TerrainSampleAssets/Textures/Heightmaps/Volcano01_Heightmap.tif - Importer: ScriptedImporter/UnityEditor.QuickSearchModule:UnityEditor.Search:ASIAI0B -> (ImportResultId: '738c14eb06ec275b7a274486422caa44') in 0.051560041 seconds
[Worker1] Imported GUID: b5680c218e8592f489953c2723e3aac4 - Path: Assets/Imported_Aseests/TerrainSampleAssets/Textures/Details/Heather_A_Normal.tif - Importer: ScriptedImporter/UnityEditor.QuickSearchModule:UnityEditor.Search:ASIAI0B -> (ImportResultId: '37d77e2098e390cbd20c13d73c7c178f') in 0.035790166 seconds
[Worker1] Imported GUID: 1d3c53100af6f1c4b8e84deb9f652a6f - Path: Assets/Imported_Aseests/TerrainSampleAssets/ShaderGraphs/Subgraphs/RandomFromPosition.shadersubgraph - Importer: ScriptedImporter/UnityEditor.QuickSearchModule:UnityEditor.Search:ASIAI0B -> (ImportResultId: 'b431daef9d27dc5dd089431fea4ae799') in 0.033752709 seconds
[Worker1] Imported GUID: 2237978dd4f94904dbd95e281226ca42 - Path: Assets/Imported_Aseests/TerrainSampleAssets/Textures/Details - Importer: ScriptedImporter/UnityEditor.QuickSearchModule:UnityEditor.Search:ASIAI0B -> (ImportResultId: '5eca68a34be0ab8cfc95fb72d392eeb3') in 0.037233667 seconds
[Worker1] Imported GUID: fd3a283142a57bd4aa8029f5e0705fc5 - Path: Assets/Imported_Aseests/TerrainSampleAssets/Textures/Heightmaps/Canyon04_Heightmap.tif - Importer: ScriptedImporter/UnityEditor.QuickSearchModule:UnityEditor.Search:ASIAI0B -> (ImportResultId: '1255e89b2b33f5af29a537dbf30f1555') in 0.028071209 seconds
[Worker1] Imported GUID: 06d093db78f37314382766fde05acf29 - Path: Assets/Imported_Aseests/TerrainSampleAssets/TerrainBrushes - Importer: ScriptedImporter/UnityEditor.QuickSearchModule:UnityEditor.Search:ASIAI0B -> (ImportResultId: '283509d6e83b8b3e8998db8e27693e37') in 0.02033325 seconds
[Worker1] Imported GUID: dfa3b96612ed4df4a97b7fd06217ba23 - Path: Assets/Imported_Aseests/TerrainSampleAssets/ShaderGraphs/TerrainGrass.shadergraph - Importer: ScriptedImporter/UnityEditor.QuickSearchModule:UnityEditor.Search:ASIAI0B -> (ImportResultId: 'd63036156c4df76d752fab8eca81da1b') in 0.1941525 seconds
[Worker1] Imported GUID: df5900f192ad71b4c9f0d3b57daadc1e - Path: Assets/Imported_Aseests/TerrainSampleAssets/TerrainBrushes/Terrainstamp_Hills01_Brush.brush - Importer: ScriptedImporter/UnityEditor.QuickSearchModule:UnityEditor.Search:ASIAI0B -> (ImportResultId: '6be46c11241a009d5ed89164a272b46f') in 0.027935333 seconds
[Worker1] Imported GUID: e1ef57925b58e624bb0ddcc506f28e94 - Path: Assets/Imported_Aseests/TerrainSampleAssets/Textures/Details/Bush_A_Normal.tif - Importer: ScriptedImporter/UnityEditor.QuickSearchModule:UnityEditor.Search:ASIAI0B -> (ImportResultId: '2d0d88e10e2ceea9d614f8da6ebeb727') in 0.024031583 seconds
[Worker1] Imported GUID: 63c633526981fac49b5eb44c0212bf2f - Path: Assets/Imported_Aseests/TerrainSampleAssets/Textures/Heightmaps/Default_White.tif - Importer: ScriptedImporter/UnityEditor.QuickSearchModule:UnityEditor.Search:ASIAI0B -> (ImportResultId: '2019af61fdf2fdea06fba9a84dd6f454') in 0.024614958 seconds
[Worker1] Imported GUID: a4f9b0b21cfa10140b76854ccb395dcf - Path: Assets/Imported_Aseests/TerrainSampleAssets/Settings/FoliageDiffusionProfile.asset - Importer: ScriptedImporter/UnityEditor.QuickSearchModule:UnityEditor.Search:ASIAI0B -> (ImportResultId: '7806353fd88c92f83a60af48d4505cfb') in 0.02506775 seconds
[Worker1] Imported GUID: 240efe9002d9e7a44b9f2a592f357102 - Path: Assets/Imported_Aseests/TerrainSampleAssets/Textures/Terrain/Heather_MaskMap.tif - Importer: ScriptedImporter/UnityEditor.QuickSearchModule:UnityEditor.Search:ASIAI0B -> (ImportResultId: '19ca9a212284848df5d8662a13974eec') in 0.025349458 seconds
[Worker0] Imported GUID: f53f3a3078db3cd4a9bcd875d3b2a557 - Path: Assets/Imported_Aseests/TerrainSampleAssets/Materials/Plant.asset - Importer: ScriptedImporter/UnityEditor.QuickSearchModule:UnityEditor.Search:ASIAI0B -> (ImportResultId: 'a1010303312d34e599bfc568d94c6262') in 0.6808935 seconds
[Worker1] Imported GUID: 7fce2600db05ae54ea39d9e5681232cc - Path: Assets/Imported_Aseests/TerrainSampleAssets/Textures/Heightmaps/Plateau02_Heightmap.tif - Importer: ScriptedImporter/UnityEditor.QuickSearchModule:UnityEditor.Search:ASIAI0B -> (ImportResultId: 'b689bb5770f28b8908287e0b216066f1') in 0.024618084 seconds
[Worker0] Imported GUID: 1ea33222cad50ad49aa4978bc84846e4 - Path: Assets/Imported_Aseests/TerrainSampleAssets/Models/Bush_B.asset - Importer: ScriptedImporter/UnityEditor.QuickSearchModule:UnityEditor.Search:ASIAI0B -> (ImportResultId: '0afe5e56fa95b69f2742b0b99941e408') in 0.024396542 seconds
[Worker1] Imported GUID: 6cfb129191988d84eafe31848415a233 - Path: Assets/Imported_Aseests/TerrainSampleAssets/Textures/Heightmaps/Mountain01_Heightmap.tif - Importer: ScriptedImporter/UnityEditor.QuickSearchModule:UnityEditor.Search:ASIAI0B -> (ImportResultId: '6fc384c6e7e183c3d2736632d91adacb') in 0.02769375 seconds
[Worker0] Imported GUID: 7b3e6db10d22f504dbc606110b2cb5e7 - Path: Assets/Imported_Aseests/TerrainSampleAssets/Prefabs/Grass_B.prefab - Importer: ScriptedImporter/UnityEditor.QuickSearchModule:UnityEditor.Search:ASIAI0B -> (ImportResultId: '33bb3e6cf996805dd9bc5a52c60171d2') in 0.026666416 seconds
[Worker1] Imported GUID: 0942f310de78e664aaaca6d7d276cb61 - Path: Assets/Imported_Aseests/TerrainSampleAssets/Textures/Details/Heather_A_Thickness.tif - Importer: ScriptedImporter/UnityEditor.QuickSearchModule:UnityEditor.Search:ASIAI0B -> (ImportResultId: 'd9521ff38058d6eb1ff8b12f644ef7f0') in 0.023290167 seconds
[Worker0] Imported GUID: 2c15104c220656a448f8a2cd8dcd672a - Path: Assets/Imported_Aseests/TerrainSampleAssets/Textures - Importer: ScriptedImporter/UnityEditor.QuickSearchModule:UnityEditor.Search:ASIAI0B -> (ImportResultId: '17d7c3dbfcb8b906d8e9e2ebaaffb71e') in 0.020721458 seconds
[Worker1] Imported GUID: 255522b0d4257624f93e110d4a6135ed - Path: Assets/Imported_Aseests/TerrainSampleAssets/Models/Grass_B.asset - Importer: ScriptedImporter/UnityEditor.QuickSearchModule:UnityEditor.Search:ASIAI0B -> (ImportResultId: '4f9f430c7169a0b19b14b6578056e8f7') in 0.022771917 seconds
[Worker1] Imported GUID: c0128420d5302954b97619d21b50d2b3 - Path: Assets/Imported_Aseests/TerrainSampleAssets/ShaderGraphs/CustomFunctions - Importer: ScriptedImporter/UnityEditor.QuickSearchModule:UnityEditor.Search:ASIAI0B -> (ImportResultId: '602317a1708140ade8b8ae8c3731a6d1') in 0.019011625 seconds
[Worker0] Imported GUID: 58f96e5085ad49449a678cbc76949e47 - Path: Assets/Imported_Aseests/TerrainSampleAssets/Textures/Details/Plant_MaskMap.tif - Importer: ScriptedImporter/UnityEditor.QuickSearchModule:UnityEditor.Search:ASIAI0B -> (ImportResultId: '1b8aceb09c571185fc2ec3a8c9bb40fd') in 0.024810167 seconds
[Worker1] Imported GUID: 96d928f51cac350499225a93778e20cf - Path: Assets/Imported_Aseests/TerrainSampleAssets/Prefabs - Importer: ScriptedImporter/UnityEditor.QuickSearchModule:UnityEditor.Search:ASIAI0B -> (ImportResultId: '8badf81e66859febc1bf866328fa31c6') in 0.019845875 seconds
[Worker0] Imported GUID: 4a8e2c12196417f47b331e627f84ccea - Path: Assets/Imported_Aseests/TerrainSampleAssets/Settings - Importer: ScriptedImporter/UnityEditor.QuickSearchModule:UnityEditor.Search:ASIAI0B -> (ImportResultId: '1aa477216e11fabc3fd367848c3ea649') in 0.019588125 seconds
[Worker0] Imported GUID: acfbac3344b07ed4f84ebf0c8828a729 - Path: Assets/Imported_Aseests/TerrainSampleAssets/Textures/Heightmaps - Importer: ScriptedImporter/UnityEditor.QuickSearchModule:UnityEditor.Search:ASIAI0B -> (ImportResultId: '8ab79026a0b9eebe9b6001222b306b82') in 0.020556917 seconds
[Worker1] Imported GUID: 7e6fff2112f33d748962082012d11cce - Path: Assets/Imported_Aseests/TerrainSampleAssets/Textures/Terrain/Grass_Dry_BaseColor.tif - Importer: ScriptedImporter/UnityEditor.QuickSearchModule:UnityEditor.Search:ASIAI0B -> (ImportResultId: '266f3cfeccb6d5a55a769e6b4004dcda') in 0.02535 seconds
[Worker0] Imported GUID: 03fe3ff010bcfb3418536e2f7896257b - Path: Assets/Imported_Aseests/TerrainSampleAssets/Textures/Details/BushDry_Normal.tif - Importer: ScriptedImporter/UnityEditor.QuickSearchModule:UnityEditor.Search:ASIAI0B -> (ImportResultId: '5378fabf5dbd48c703404bd3cfadcfd2') in 0.030215708 seconds
[Worker1] Imported GUID: 311fa94216ea77342a20e99b01ed6e69 - Path: Assets/Imported_Aseests/TerrainSampleAssets/Textures/Terrain/Muddy_BaseColor.tif - Importer: ScriptedImporter/UnityEditor.QuickSearchModule:UnityEditor.Search:ASIAI0B -> (ImportResultId: '7eb171088f8b27392d72329035a5e34e') in 0.029653667 seconds
[Worker1] Imported GUID: ed20753031b819c4395a80066949f767 - Path: Assets/Imported_Aseests/TerrainSampleAssets/TerrainLayers - Importer: ScriptedImporter/UnityEditor.QuickSearchModule:UnityEditor.Search:ASIAI0B -> (ImportResultId: 'a7a239cadb6dbbab321c69ed0a97d1c3') in 0.019471166 seconds
[Worker0] Imported GUID: dc670a42db363de40a6e6d9f231404ca - Path: Assets/Imported_Aseests/TerrainSampleAssets/TerrainBrushes/Terrainstamp_Canyon04_Brush.brush - Importer: ScriptedImporter/UnityEditor.QuickSearchModule:UnityEditor.Search:ASIAI0B -> (ImportResultId: '910d951f524785c472abc5bc5d4c4a23') in 0.022318666 seconds
[Worker1] Imported GUID: 9a249c33299836d45ae597069d9324e2 - Path: Assets/Imported_Aseests/TerrainSampleAssets/Models/GrassDry_C.asset - Importer: ScriptedImporter/UnityEditor.QuickSearchModule:UnityEditor.Search:ASIAI0B -> (ImportResultId: '042904c5c7e8356c6707014bfcd40a6a') in 0.0208825 seconds
[Worker0] Imported GUID: 0a9c4cb001d0620468e11a00fbe9e94e - Path: Assets/Imported_Aseests/TerrainSampleAssets/Textures/Heightmaps/Hills01_Heightmap.tiff - Importer: ScriptedImporter/UnityEditor.QuickSearchModule:UnityEditor.Search:ASIAI0B -> (ImportResultId: '113bee538955cce56368eb1216e8afb6') in 0.023495208 seconds
[Worker0] Imported GUID: 5e864c6e9bba9a14aa96edaada749bd0 - Path: Assets/Imported_Aseests/TerrainSampleAssets/ShaderGraphs/Subgraphs - Importer: ScriptedImporter/UnityEditor.QuickSearchModule:UnityEditor.Search:ASIAI0B -> (ImportResultId: 'e28e7d02cc869ae5378103ff6ea61eb8') in 0.01993725 seconds
[Worker1] Imported GUID: 4dfd50a1f648e984f8188be70774f281 - Path: Assets/Imported_Aseests/TerrainSampleAssets/Prefabs/Grass_D.prefab - Importer: ScriptedImporter/UnityEditor.QuickSearchModule:UnityEditor.Search:ASIAI0B -> (ImportResultId: 'a300955c2efa468eae5daf726b930510') in 0.027053625 seconds
[Worker0] Imported GUID: ba5d550271efae04b84eeb0e550be656 - Path: Assets/Imported_Aseests/TerrainSampleAssets/Textures/Details/BushDry_MaskMap.tif - Importer: ScriptedImporter/UnityEditor.QuickSearchModule:UnityEditor.Search:ASIAI0B -> (ImportResultId: '15dbf9eec98b8aa7a5c777d0581f76d2') in 0.026195875 seconds
[Worker1] Imported GUID: 00e07f21ff32c094ea64f6753fb3b542 - Path: Assets/Imported_Aseests/TerrainSampleAssets/Textures/Heightmaps/Canyon03_Heightmap.tif - Importer: ScriptedImporter/UnityEditor.QuickSearchModule:UnityEditor.Search:ASIAI0B -> (ImportResultId: 'cd98274cf86d4c91b6f33570a59bc697') in 0.023648958 seconds
[Worker0] Imported GUID: 8d68c191594d5a24baee81cc22acf55b - Path: Assets/Imported_Aseests/TerrainSampleAssets/Models/BushDry_B.asset - Importer: ScriptedImporter/UnityEditor.QuickSearchModule:UnityEditor.Search:ASIAI0B -> (ImportResultId: '246a0e8c20d9138f0080c42f8fdbc7ca') in 0.024360708 seconds
[Worker1] Imported GUID: 8d909223d66b7cd4d9719d37ee403dff - Path: Assets/Imported_Aseests/TerrainSampleAssets/Textures/Heightmaps/Errosion02_Heightmap.tif - Importer: ScriptedImporter/UnityEditor.QuickSearchModule:UnityEditor.Search:ASIAI0B -> (ImportResultId: '8d0a0d35c2ded33f2e1a6323aa2a93e6') in 0.029560584 seconds
[Worker0] Imported GUID: 9bcbad10823d47140bc0c90bfc339f4e - Path: Assets/Imported_Aseests/TerrainSampleAssets/TerrainBrushes/Terrainstamp_Rollinghills01_Brush.brush - Importer: ScriptedImporter/UnityEditor.QuickSearchModule:UnityEditor.Search:ASIAI0B -> (ImportResultId: '9594e91081322d8c935cdf9a06d3a482') in 0.026603625 seconds
[Worker1] Imported GUID: 387141d2bd04a10459d9a306ca45434f - Path: Assets/Imported_Aseests/TerrainSampleAssets/TerrainBrushes/Terrainstamp_Plateau03_Brush.brush - Importer: ScriptedImporter/UnityEditor.QuickSearchModule:UnityEditor.Search:ASIAI0B -> (ImportResultId: '95d62a5f4724f5ac3c7a1b48f9010de7') in 0.026787375 seconds
[Worker1] Imported GUID: bd4c61d030690814097a2076498d1c75 - Path: Assets/Imported_Aseests/TerrainSampleAssets/Textures/Terrain/Grass_A_MaskMap.tif - Importer: ScriptedImporter/UnityEditor.QuickSearchModule:UnityEditor.Search:ASIAI0B -> (ImportResultId: 'cf9d770ca26068fbcf723dfde0158b0b') in 0.034997125 seconds
[Worker0] Imported GUID: 1ded3ba1c5a90054e8f23ddfa62fb2b7 - Path: Assets/Imported_Aseests/TerrainSampleAssets/TerrainLayers/Sand_TerrainLayer.terrainlayer - Importer: ScriptedImporter/UnityEditor.QuickSearchModule:UnityEditor.Search:ASIAI0B -> (ImportResultId: '2efe87e2c93ec120127e73a6d29aab0b') in 0.042911958 seconds
[Worker1] Imported GUID: 282e12329d9099343890f875c1429e1a - Path: Assets/Imported_Aseests/TerrainSampleAssets/Textures/Heightmaps/Slope03_Heightmap.tiff - Importer: ScriptedImporter/UnityEditor.QuickSearchModule:UnityEditor.Search:ASIAI0B -> (ImportResultId: 'f1a0ec949cf8246f94cade31e963fdd3') in 0.029128334 seconds
[Worker0] Imported GUID: daa49585c030643489dad5c6e4680dca - Path: Assets/Imported_Aseests/TerrainSampleAssets/Textures/Details/Fern_Thickness.tif - Importer: ScriptedImporter/UnityEditor.QuickSearchModule:UnityEditor.Search:ASIAI0B -> (ImportResultId: '2fcca1a0bd3589cb285dae866ccdb81f') in 0.031768208 seconds
[Worker1] Imported GUID: d1685375fd84e62439c572449faa4657 - Path: Assets/Imported_Aseests/TerrainSampleAssets/TerrainLayers/Pebbles_B_TerrainLayer.terrainlayer - Importer: ScriptedImporter/UnityEditor.QuickSearchModule:UnityEditor.Search:ASIAI0B -> (ImportResultId: 'd2208ae7748f0b4dfc0c63a8235cff4e') in 0.038619708 seconds
[Worker0] Imported GUID: 9b1536174e1306f4eb016fe953e5a678 - Path: Assets/Imported_Aseests/TerrainSampleAssets/TerrainBrushes/Terrainstamp_Canyon01_Brush.brush - Importer: ScriptedImporter/UnityEditor.QuickSearchModule:UnityEditor.Search:ASIAI0B -> (ImportResultId: '303e24d72ab5adf55ec8b43943947b11') in 0.024301833 seconds
[Worker1] Imported GUID: 913af1c64ea139348925340c09459a50 - Path: Assets/Imported_Aseests/TerrainSampleAssets/TerrainBrushes/Terrainstamp_Ridge04_Brush.brush - Importer: ScriptedImporter/UnityEditor.QuickSearchModule:UnityEditor.Search:ASIAI0B -> (ImportResultId: '60d1f3e3c5ae6380345ee47c80fb053d') in 0.027498 seconds
[Worker0] Imported GUID: c1873143642071347b9e3544696e5d6f - Path: Assets/Imported_Aseests/TerrainSampleAssets/Textures/Heightmaps/Mountain09_Heightmap.tiff - Importer: ScriptedImporter/UnityEditor.QuickSearchModule:UnityEditor.Search:ASIAI0B -> (ImportResultId: 'ed746707c2e1846ab41f25ba6fe131c6') in 0.030885875 seconds
[Worker1] Imported GUID: 4fe4d3241d435594b82a72af96e4052d - Path: Assets/Imported_Aseests/TerrainSampleAssets/Textures/Heightmaps/Canyon02_Heightmap.tif - Importer: ScriptedImporter/UnityEditor.QuickSearchModule:UnityEditor.Search:ASIAI0B -> (ImportResultId: '7e39a6ff7a335ceace5e68594b882a4c') in 0.025017125 seconds
[Worker0] Imported GUID: 130d104513b29bd44ae9c5b3915f4134 - Path: Assets/Imported_Aseests/TerrainSampleAssets/TerrainLayers/Grass_A_TerrainLayer.terrainlayer - Importer: ScriptedImporter/UnityEditor.QuickSearchModule:UnityEditor.Search:ASIAI0B -> (ImportResultId: '1a98626875c114576bdb6b217477a2a1') in 0.032450875 seconds
[Worker1] Imported GUID: b1c590e575d73224eb6773fd8c1cbb64 - Path: Assets/Imported_Aseests/TerrainSampleAssets/Textures/Terrain/Soil_Rocks_MaskMap.tif - Importer: ScriptedImporter/UnityEditor.QuickSearchModule:UnityEditor.Search:ASIAI0B -> (ImportResultId: 'f3b555f0b024aaf3c46067dc6db17655') in 0.030336791 seconds
[Worker0] Imported GUID: 6c605407cd6fa244f8ff68955ae4b09f - Path: Assets/Imported_Aseests/TerrainSampleAssets/ShaderGraphs/Subgraphs/DistanceCutoff.shadersubgraph - Importer: ScriptedImporter/UnityEditor.QuickSearchModule:UnityEditor.Search:ASIAI0B -> (ImportResultId: 'cc1b7bbd1c9438692e9a4db1b9e5a133') in 0.025491458 seconds
[Worker1] Imported GUID: 8aa8def6286fc784ba128570ec475974 - Path: Assets/Imported_Aseests/TerrainSampleAssets/Prefabs/GrassDry_C.prefab - Importer: ScriptedImporter/UnityEditor.QuickSearchModule:UnityEditor.Search:ASIAI0B -> (ImportResultId: '4a780c5f031e7c7a5301def17a23e3c4') in 0.025356417 seconds
[Worker1] Imported GUID: 9159bc656b82f2b4b80e93118991ddc7 - Path: Assets/Imported_Aseests/TerrainSampleAssets/TerrainBrushes/Terrainstamp_Mountain09_Brush.brush - Importer: ScriptedImporter/UnityEditor.QuickSearchModule:UnityEditor.Search:ASIAI0B -> (ImportResultId: '30fcde4044dc97435fffdc392064bc11') in 0.022951542 seconds
[Worker0] Imported GUID: 9e8508e3025d9c844810b83c5607c09e - Path: Assets/Imported_Aseests/TerrainSampleAssets/Prefabs/GrassDry_A.prefab - Importer: ScriptedImporter/UnityEditor.QuickSearchModule:UnityEditor.Search:ASIAI0B -> (ImportResultId: 'a6a3686e33f12f399e892ad5c27bdc00') in 0.026006958 seconds
[Worker1] Imported GUID: 31fa38c326a958b4c85964d5d54981a0 - Path: Assets/Imported_Aseests/TerrainSampleAssets/ShaderGraphs/Subgraphs/PipelineSwitch.shadersubgraph - Importer: ScriptedImporter/UnityEditor.QuickSearchModule:UnityEditor.Search:ASIAI0B -> (ImportResultId: '9e3853daefa23ab80b231046c5c06c16') in 0.0220045 seconds
[Worker0] Imported GUID: 5203e2a4f3ccc3548bde5beb3ca4bdc2 - Path: Assets/Imported_Aseests/TerrainSampleAssets/TerrainBrushes/Terrainstamp_Ridge02_Brush.brush - Importer: ScriptedImporter/UnityEditor.QuickSearchModule:UnityEditor.Search:ASIAI0B -> (ImportResultId: '4c2f722d9f37d5b35f88f43ce77ed89c') in 0.027425209 seconds
[Worker0] Imported GUID: 5e7ace55a7bfd0d4f9ba3c05024e9d79 - Path: Assets/Imported_Aseests/TerrainSampleAssets/Prefabs/Fern_B.prefab - Importer: ScriptedImporter/UnityEditor.QuickSearchModule:UnityEditor.Search:ASIAI0B -> (ImportResultId: '288c76f15d80e879faf10cf4e1a84315') in 0.026260791 seconds
[Worker1] Imported GUID: 3673edd4bef6add4aaf606245092507c - Path: Assets/Imported_Aseests/TerrainSampleAssets/Settings/HeightmapTexture.preset - Importer: ScriptedImporter/UnityEditor.QuickSearchModule:UnityEditor.Search:ASIAI0B -> (ImportResultId: 'b4cedf82765debb858375b3ba3a33abe') in 0.030779 seconds
[Worker0] Imported GUID: a8a2fc863627f464e838ba616a1d5789 - Path: Assets/Imported_Aseests/TerrainSampleAssets/Textures/Terrain/Grass_A_Normal.tif - Importer: ScriptedImporter/UnityEditor.QuickSearchModule:UnityEditor.Search:ASIAI0B -> (ImportResultId: 'e1c7ebc451db28e3e8d3f2566d79527f') in 0.023940042 seconds
[Worker1] Imported GUID: bb325d04c0ca0dd4a85a78892caa83fc - Path: Assets/Imported_Aseests/TerrainSampleAssets/TerrainBrushes/Terrainstamp_Plateau01_Brush.brush - Importer: ScriptedImporter/UnityEditor.QuickSearchModule:UnityEditor.Search:ASIAI0B -> (ImportResultId: '5b30d7aca60e8c27dee883febb3413df') in 0.022746917 seconds
[Worker1] Imported GUID: 0e1771a5cd057014db71494d5a458d40 - Path: Assets/Imported_Aseests/TerrainSampleAssets/Textures/Details/Bush_A_MaskMap.tif - Importer: ScriptedImporter/UnityEditor.QuickSearchModule:UnityEditor.Search:ASIAI0B -> (ImportResultId: 'ce2faa8be53e6fd33f5e26ea06d1df41') in 0.030092083 seconds
[Worker0] Imported GUID: 228af47692a8c7c49b93049646ac6c46 - Path: Assets/Imported_Aseests/TerrainSampleAssets/Textures/Heightmaps/Errosion01_Heightmap.tif - Importer: ScriptedImporter/UnityEditor.QuickSearchModule:UnityEditor.Search:ASIAI0B -> (ImportResultId: '4de465b790fbf0f854972e6776e7769c') in 0.031819833 seconds
[Worker0] Imported GUID: fc6089e3bffbdc9489980dbed57a64f6 - Path: Assets/Imported_Aseests/TerrainSampleAssets/Textures/Heightmaps/Cracked_Earth01_Heightmap.tif - Importer: ScriptedImporter/UnityEditor.QuickSearchModule:UnityEditor.Search:ASIAI0B -> (ImportResultId: '0adebe1d279312d6b64845c8ed03dcce') in 0.030914208 seconds
[Worker1] Imported GUID: ef3a42474254efb44a572b52d3ac06cd - Path: Assets/Imported_Aseests/TerrainSampleAssets/Textures/Heightmaps/Rolling_Hills01_Heightmap.tif - Importer: ScriptedImporter/UnityEditor.QuickSearchModule:UnityEditor.Search:ASIAI0B -> (ImportResultId: '9e99b127170273771b045b4983278421') in 0.031994125 seconds
[Worker1] Imported GUID: 0b59c495bf285c442b1b799c94a9f8aa - Path: Assets/Imported_Aseests/TerrainSampleAssets/Textures/Terrain/Black_Sand_BaseColor.tif - Importer: ScriptedImporter/UnityEditor.QuickSearchModule:UnityEditor.Search:ASIAI0B -> (ImportResultId: 'd78a7016a1e2613215930e35bb33d699') in 0.0282575 seconds
[Worker0] Imported GUID: ce833e94f7f7eea468b012546444cf0c - Path: Assets/Imported_Aseests/TerrainSampleAssets/TerrainLayers/Black_Sand_TerrainLayer.terrainlayer - Importer: ScriptedImporter/UnityEditor.QuickSearchModule:UnityEditor.Search:ASIAI0B -> (ImportResultId: 'ce0d7a62f614b231cca4c169a27eb466') in 0.035163167 seconds
[Worker1] Imported GUID: 97025d35e5b57294f92451cbaf836c12 - Path: Assets/Imported_Aseests/TerrainSampleAssets/Models/Plant_B.asset - Importer: ScriptedImporter/UnityEditor.QuickSearchModule:UnityEditor.Search:ASIAI0B -> (ImportResultId: '61fa39f1d43822368a8cbbfa9ab8568c') in 0.021650541 seconds
[Worker0] Imported GUID: 696617d4dc7551d4cb58b7f30d022160 - Path: Assets/Imported_Aseests/TerrainSampleAssets/Textures/Details/Grass_C_BaseColor.tif - Importer: ScriptedImporter/UnityEditor.QuickSearchModule:UnityEditor.Search:ASIAI0B -> (ImportResultId: 'e2ea641965d2686c38778f59ca114e35') in 0.024826917 seconds
[Worker1] Imported GUID: 5c4a8c65594fb714388c177bbed315bc - Path: Assets/Imported_Aseests/TerrainSampleAssets/Textures/Terrain/Pebbles_B_MaskMap.tif - Importer: ScriptedImporter/UnityEditor.QuickSearchModule:UnityEditor.Search:ASIAI0B -> (ImportResultId: 'f8526042972036ce364d1fc739a50d5c') in 0.024803416 seconds
[Worker0] Imported GUID: bd916b355f53ab144901eeb862a0be0b - Path: Assets/Imported_Aseests/TerrainSampleAssets/Textures/Heightmaps/Volcano02_Heightmap.tif - Importer: ScriptedImporter/UnityEditor.QuickSearchModule:UnityEditor.Search:ASIAI0B -> (ImportResultId: 'efc1ea0e4bd7721422ec7d0aa1999ac2') in 0.030630208 seconds
[Worker1] Imported GUID: c18cd5b317ff2af479fe5b47336cc75c - Path: Assets/Imported_Aseests/TerrainSampleAssets/TerrainBrushes/Terrainstamp_Mountain05_Brush.brush - Importer: ScriptedImporter/UnityEditor.QuickSearchModule:UnityEditor.Search:ASIAI0B -> (ImportResultId: 'ac28ca3a2c383904f79d33a91dc73e3f') in 0.027744 seconds
[Worker0] Imported GUID: cee96a2661edd1040b6f86ac79ab5fc8 - Path: Assets/Imported_Aseests/TerrainSampleAssets/TerrainBrushes/Noise_Soft_Brush.brush - Importer: ScriptedImporter/UnityEditor.QuickSearchModule:UnityEditor.Search:ASIAI0B -> (ImportResultId: '80a557d5b49b3b81c1aee9cf343e9707') in 0.0221965 seconds
[Worker1] Imported GUID: 0c4301a6ce8e5964c8df62a78aca15d1 - Path: Assets/Imported_Aseests/TerrainSampleAssets/Models/Bush_A.asset - Importer: ScriptedImporter/UnityEditor.QuickSearchModule:UnityEditor.Search:ASIAI0B -> (ImportResultId: 'e2a7f3c308932c8649d30f4b19f3e21b') in 0.022019542 seconds
[Worker0] Imported GUID: 62f82665abc6fbf4e8f7fa058cbd8d6c - Path: Assets/Imported_Aseests/TerrainSampleAssets/TerrainLayers/Grass_Soil_TerrainLayer.terrainlayer - Importer: ScriptedImporter/UnityEditor.QuickSearchModule:UnityEditor.Search:ASIAI0B -> (ImportResultId: 'bc9a8d376a08fffe94845ca565afc4f8') in 0.034305417 seconds
[Worker1] Imported GUID: 65c50b065f264b042a12153fb6454aa5 - Path: Assets/Imported_Aseests/TerrainSampleAssets/Textures/Terrain/Tidal_Pools_BaseColor.tif - Importer: ScriptedImporter/UnityEditor.QuickSearchModule:UnityEditor.Search:ASIAI0B -> (ImportResultId: 'd95d3bc757ba225854f8c0c7eb9b2535') in 0.025200333 seconds
[Worker1] Imported GUID: ce420f179549a9c4f9a08a26260e8d18 - Path: Assets/Imported_Aseests/TerrainSampleAssets/Textures/Heightmaps/Mountain07_Heightmap.tif - Importer: ScriptedImporter/UnityEditor.QuickSearchModule:UnityEditor.Search:ASIAI0B -> (ImportResultId: '08dcfaed03ab7dfe93737930daa2860f') in 0.030043291 seconds
[Worker0] Imported GUID: 405b9ff318b139d478492b258cc6f606 - Path: Assets/Imported_Aseests/TerrainSampleAssets/Materials/Fern.asset - Importer: ScriptedImporter/UnityEditor.QuickSearchModule:UnityEditor.Search:ASIAI0B -> (ImportResultId: '4b1c80449c335dcc77a6e03df3e00e89') in 0.039562625 seconds
[Worker1] Imported GUID: b4f1a8962849d1e418cbb0637143dc00 - Path: Assets/Imported_Aseests/TerrainSampleAssets/TerrainBrushes/Terrainstamp_Erode02_Brush.brush - Importer: ScriptedImporter/UnityEditor.QuickSearchModule:UnityEditor.Search:ASIAI0B -> (ImportResultId: 'e8c0abbe11b64373cf851b211b7d25c4') in 0.024642875 seconds
[Worker0] Imported GUID: ec6838d3bd80287449a69dc40380ebc8 - Path: Assets/Imported_Aseests/TerrainSampleAssets/Textures/Details/Grass_C_Normal.tif - Importer: ScriptedImporter/UnityEditor.QuickSearchModule:UnityEditor.Search:ASIAI0B -> (ImportResultId: 'b8ff9db53b147ebc240f06de6469d16a') in 0.024610334 seconds
[Worker1] Imported GUID: ef9c4dc3cb0fed644b548b70ef4f61a8 - Path: Assets/Imported_Aseests/TerrainSampleAssets/Textures/Heightmaps/Slope01_Heightmap.tiff - Importer: ScriptedImporter/UnityEditor.QuickSearchModule:UnityEditor.Search:ASIAI0B -> (ImportResultId: '129327a9e643c4f4dcf27b0ebdf12ff9') in 0.032309042 seconds
[Worker0] Imported GUID: 59b98ca43f27d8c4a89d4058d2a962e5 - Path: Assets/Imported_Aseests/TerrainSampleAssets/TerrainLayers/Snow_TerrainLayer.terrainlayer - Importer: ScriptedImporter/UnityEditor.QuickSearchModule:UnityEditor.Search:ASIAI0B -> (ImportResultId: '88ad102c62731f45a7421e2414387fe2') in 0.03462625 seconds
[Worker0] Imported GUID: 30b51375156b10e4780537d5793a26c9 - Path: Assets/Imported_Aseests/TerrainSampleAssets/Textures/Terrain/Rock_MaskMap.tif - Importer: ScriptedImporter/UnityEditor.QuickSearchModule:UnityEditor.Search:ASIAI0B -> (ImportResultId: '4cc8ac609bb90bce181af2550d5d55d7') in 0.026439375 seconds
[Worker0] Imported GUID: eb04da16cbc16c9488332336fb11b965 - Path: Assets/Imported_Aseests/TerrainSampleAssets/Textures/Details/Bush_A_BaseColor.tif - Importer: ScriptedImporter/UnityEditor.QuickSearchModule:UnityEditor.Search:ASIAI0B -> (ImportResultId: 'f941cfd5f7059ba60512b1db2f8aaab6') in 0.031172625 seconds
[Worker0] Imported GUID: baca4d94b1d1d8046ab52ce1570a24c7 - Path: Assets/Imported_Aseests/TerrainSampleAssets/Textures/Terrain/Snow_Normal.tif - Importer: ScriptedImporter/UnityEditor.QuickSearchModule:UnityEditor.Search:ASIAI0B -> (ImportResultId: 'b3d1dc8856534af357660cfd70e3d3c7') in 0.026459292 seconds
[Worker1] Imported GUID: 9ef29f7651a5050409fa9822d6d4f941 - Path: Assets/Imported_Aseests/TerrainSampleAssets/Materials/Heather.asset - Importer: ScriptedImporter/UnityEditor.QuickSearchModule:UnityEditor.Search:ASIAI0B -> (ImportResultId: 'd447978f78bcf18fd39eeec82eb5d414') in 0.111632917 seconds
[Worker0] Imported GUID: 2f9d2984488477d498e8d5c61756f557 - Path: Assets/Imported_Aseests/TerrainSampleAssets/Models/Fern_B.asset - Importer: ScriptedImporter/UnityEditor.QuickSearchModule:UnityEditor.Search:ASIAI0B -> (ImportResultId: '29ea206649b7cd445225049d58dd62b9') in 0.021134042 seconds
[Worker0] Imported GUID: b39336e67b68db14aa4a8a7f883e5aff - Path: Assets/Imported_Aseests/TerrainSampleAssets/Textures/Terrain/Grass_A_BaseColor.tif - Importer: ScriptedImporter/UnityEditor.QuickSearchModule:UnityEditor.Search:ASIAI0B -> (ImportResultId: 'b753c08ae7d464a53bee5e62a10c4fdf') in 0.024275875 seconds
[Worker1] Imported GUID: ffa01093856b873448237de84289ee85 - Path: Assets/Imported_Aseests/TerrainSampleAssets/Textures/Terrain/Snow_BaseColor.tif - Importer: ScriptedImporter/UnityEditor.QuickSearchModule:UnityEditor.Search:ASIAI0B -> (ImportResultId: 'af97e726f3a0892845d95fcb278c8713') in 0.026023375 seconds
[Worker1] Imported GUID: b47c02079aebe594a94e62b833a0616b - Path: Assets/Imported_Aseests/TerrainSampleAssets/TerrainBrushes/Terrainstamp_Ridgeedge01_Brush.brush - Importer: ScriptedImporter/UnityEditor.QuickSearchModule:UnityEditor.Search:ASIAI0B -> (ImportResultId: 'df1cba4a49250190bf8eca514800af59') in 0.022520792 seconds
[Worker0] Imported GUID: a366a386d5147ee47b6111652608c240 - Path: Assets/Imported_Aseests/TerrainSampleAssets/Textures/Details/BushDry_BaseColor.tif - Importer: ScriptedImporter/UnityEditor.QuickSearchModule:UnityEditor.Search:ASIAI0B -> (ImportResultId: 'afba72d319f85c088e47c8f89590538f') in 0.023186 seconds
[Worker0] Imported GUID: 59cf4095c6c8e0f488ebe12abd1e569a - Path: Assets/Imported_Aseests/TerrainSampleAssets/Textures/Heightmaps/Mountain05_Heightmap.tif - Importer: ScriptedImporter/UnityEditor.QuickSearchModule:UnityEditor.Search:ASIAI0B -> (ImportResultId: '7b67d9fe523dac69ef444c6d1e8071b8') in 0.023810875 seconds
[Worker1] Imported GUID: d44cec25420524046b0137655ed7f307 - Path: Assets/Imported_Aseests/TerrainSampleAssets/Textures/Terrain/Grass_Moss_BaseColor.tif - Importer: ScriptedImporter/UnityEditor.QuickSearchModule:UnityEditor.Search:ASIAI0B -> (ImportResultId: '6f9a9e9ffbd7ff796fb746a3b3250a56') in 0.024064625 seconds
[Worker1] Imported GUID: a27a2665c8aec334ba8bbba24ee0c827 - Path: Assets/Imported_Aseests/TerrainSampleAssets/TerrainBrushes/Terrainstamp_Crackedground01_Brush.brush - Importer: ScriptedImporter/UnityEditor.QuickSearchModule:UnityEditor.Search:ASIAI0B -> (ImportResultId: '3aad5144477e74a5bf6f223d78f1ad5d') in 0.021029917 seconds
[Worker0] Imported GUID: 0cf15945abe04ad4589592fd3bfcd17b - Path: Assets/Imported_Aseests/TerrainSampleAssets/Materials/GrassDry.asset - Importer: ScriptedImporter/UnityEditor.QuickSearchModule:UnityEditor.Search:ASIAI0B -> (ImportResultId: '01800b8ca97478d2fcf4e98c94e19312') in 0.029391041 seconds
[Worker1] Imported GUID: 9a1568052101f2f48ba76e7342adc3f3 - Path: Assets/Imported_Aseests/TerrainSampleAssets/Textures/Details/Grass_A_Normal.tif - Importer: ScriptedImporter/UnityEditor.QuickSearchModule:UnityEditor.Search:ASIAI0B -> (ImportResultId: '9d6f8e69fa1a4fe7b28ffcd812d7ce46') in 0.0264235 seconds
[Worker0] Imported GUID: d5746b47e7c4501479a9aaa297c095e3 - Path: Assets/Imported_Aseests/TerrainSampleAssets/Textures/Heightmaps/Ridge05_Heightmap.tif - Importer: ScriptedImporter/UnityEditor.QuickSearchModule:UnityEditor.Search:ASIAI0B -> (ImportResultId: 'be6f9a8f130de2aede4b1d95d7268297') in 0.031343125 seconds
[Worker1] Imported GUID: e257fa53a087b404d8579225e1c7cddb - Path: Assets/Imported_Aseests/TerrainSampleAssets/Textures/Terrain/Soil_Rocks_BaseColor.tif - Importer: ScriptedImporter/UnityEditor.QuickSearchModule:UnityEditor.Search:ASIAI0B -> (ImportResultId: 'cec5505f31ba2669af467a8840f014ff') in 0.024915042 seconds
[Worker0] Imported GUID: ce389a44803b703498159190bc7d48af - Path: Assets/Imported_Aseests/TerrainSampleAssets/Textures/Heightmaps/Cracked_Earth02_Heightmap.tif - Importer: ScriptedImporter/UnityEditor.QuickSearchModule:UnityEditor.Search:ASIAI0B -> (ImportResultId: '5a7e4472c1cad03c86b13cb7d387a972') in 0.023994167 seconds
[Worker1] Imported GUID: 795e383430200a14bb52726e97a0e7f4 - Path: Assets/Imported_Aseests/TerrainSampleAssets/TerrainLayers/Heather_TerrainLayer.terrainlayer - Importer: ScriptedImporter/UnityEditor.QuickSearchModule:UnityEditor.Search:ASIAI0B -> (ImportResultId: '4d9ecb66a9fedd893571bdb031427496') in 0.029346333 seconds
[Worker0] Imported GUID: 626e11c44313fda43a6979c9a04cd12e - Path: Assets/Imported_Aseests/TerrainSampleAssets/Textures/Heightmaps/Plateau01_Heightmap.tif - Importer: ScriptedImporter/UnityEditor.QuickSearchModule:UnityEditor.Search:ASIAI0B -> (ImportResultId: '7b02ec664463e2250244af501c0ea854') in 0.022945625 seconds
[Worker1] Imported GUID: 9037b993318fb2a46b314bdf87073500 - Path: Assets/Imported_Aseests/TerrainSampleAssets/ShaderGraphs/Subgraphs/URPSSS.shadersubgraph - Importer: ScriptedImporter/UnityEditor.QuickSearchModule:UnityEditor.Search:ASIAI0B -> (ImportResultId: '719be3065eb7e56e3e03d25cfcc4df2d') in 0.021586708 seconds
[Worker0] Imported GUID: 28a478660ea9d9541b2118c5e95cbb4e - Path: Assets/Imported_Aseests/TerrainSampleAssets/Textures/Terrain/Black_Sand_Normal.tif - Importer: ScriptedImporter/UnityEditor.QuickSearchModule:UnityEditor.Search:ASIAI0B -> (ImportResultId: 'e2b4ed194e6d577168f6e03ca410a5f3') in 0.023696875 seconds
[Worker1] Imported GUID: a1f4f845b9208d64a95cc6177a9b2abc - Path: Assets/Imported_Aseests/TerrainSampleAssets/Textures/Heightmaps/Mountain04_Heightmap.tif - Importer: ScriptedImporter/UnityEditor.QuickSearchModule:UnityEditor.Search:ASIAI0B -> (ImportResultId: '7362b9ada0af8ccce15ecd95bdeb05a9') in 0.027794458 seconds
[Worker0] Imported GUID: cce04f533c148314abf74aff71206ec7 - Path: Assets/Imported_Aseests/TerrainSampleAssets/Prefabs/Heather_A.prefab - Importer: ScriptedImporter/UnityEditor.QuickSearchModule:UnityEditor.Search:ASIAI0B -> (ImportResultId: 'dd5229b4e39066c231564c19748c4634') in 0.026131334 seconds
[Worker0] Imported GUID: 6a7e8cd5e1ea8794c838b902529f257c - Path: Assets/Imported_Aseests/TerrainSampleAssets/Models/Plant_D.asset - Importer: ScriptedImporter/UnityEditor.QuickSearchModule:UnityEditor.Search:ASIAI0B -> (ImportResultId: '4d70d9cfa82c4784935795558c2a1899') in 0.021512 seconds
[Worker1] Imported GUID: 0cbb01b61ed524a48a119d81aa262fed - Path: Assets/Imported_Aseests/TerrainSampleAssets/TerrainLayers/Grass_Dry_TerrainLayer.terrainlayer - Importer: ScriptedImporter/UnityEditor.QuickSearchModule:UnityEditor.Search:ASIAI0B -> (ImportResultId: '48a862c9c6f45524905f1ff60934ef99') in 0.030981042 seconds
[Worker1] Imported GUID: 43040687acbef31438764c0a962e143f - Path: Assets/Imported_Aseests/TerrainSampleAssets/ShaderGraphs/Subgraphs/Wind.shadersubgraph - Importer: ScriptedImporter/UnityEditor.QuickSearchModule:UnityEditor.Search:ASIAI0B -> (ImportResultId: '14fffe245a3a7fff4cd31d121ec4e3f9') in 0.0246135 seconds
[Worker0] Imported GUID: 0ec1c69bd47ad864f96cc2b516f6cd4b - Path: Assets/Imported_Aseests/TerrainSampleAssets/Prefabs/Bush_A.prefab - Importer: ScriptedImporter/UnityEditor.QuickSearchModule:UnityEditor.Search:ASIAI0B -> (ImportResultId: 'a304f0989acfbf866c064fbfa2450a14') in 0.027311625 seconds
[Worker1] Imported GUID: c8b8fa1b153cfd3428c4c5c2fded152e - Path: Assets/Imported_Aseests/TerrainSampleAssets/Textures/Terrain/Heather_Normal.tif - Importer: ScriptedImporter/UnityEditor.QuickSearchModule:UnityEditor.Search:ASIAI0B -> (ImportResultId: '025aa3b5adfa1d2ed53a1d2098b9667e') in 0.023480625 seconds
[Worker0] Imported GUID: 5ca44fb774755d14f93870431e58a1e2 - Path: Assets/Imported_Aseests/TerrainSampleAssets/TerrainBrushes/Terrainstamp_Flatmountain01_Brush.brush - Importer: ScriptedImporter/UnityEditor.QuickSearchModule:UnityEditor.Search:ASIAI0B -> (ImportResultId: '3bf093ceb55022d573a35d9fabab800b') in 0.026302125 seconds
[Worker1] Imported GUID: d9246f89c4014f749b69f6e963372434 - Path: Assets/Imported_Aseests/TerrainSampleAssets/Prefabs/Plant_C.prefab - Importer: ScriptedImporter/UnityEditor.QuickSearchModule:UnityEditor.Search:ASIAI0B -> (ImportResultId: '01aed5e5d976244371796fc10adb7319') in 0.026525625 seconds
[Worker0] Imported GUID: 54acc9c7b90e7844c8110362dbe968ad - Path: Assets/Imported_Aseests/TerrainSampleAssets/Textures/Heightmaps/Mountain10_Heightmap.tiff - Importer: ScriptedImporter/UnityEditor.QuickSearchModule:UnityEditor.Search:ASIAI0B -> (ImportResultId: '4475b5b7cbe6770961a2de2566725e89') in 0.027325583 seconds
[Worker1] Imported GUID: 87bcc148df475664181f323cf3b45e93 - Path: Assets/Imported_Aseests/TerrainSampleAssets/TerrainBrushes/Terrainstamp_Mountain01_Brush.brush - Importer: ScriptedImporter/UnityEditor.QuickSearchModule:UnityEditor.Search:ASIAI0B -> (ImportResultId: 'd972ca70b6813c364f2adae07e8f788b') in 0.024855083 seconds
[Worker0] Imported GUID: 238ad6ea99d845f498c3a2334f75358a - Path: Assets/Imported_Aseests/TerrainSampleAssets/Materials/BushDry.asset - Importer: ScriptedImporter/UnityEditor.QuickSearchModule:UnityEditor.Search:ASIAI0B -> (ImportResultId: '65a7655857a86bb97889a91de7615921') in 0.028414417 seconds
[Worker1] Imported GUID: fc123ab8f2eb56945b5849155624e2c0 - Path: Assets/Imported_Aseests/TerrainSampleAssets/Materials/Grass.asset - Importer: ScriptedImporter/UnityEditor.QuickSearchModule:UnityEditor.Search:ASIAI0B -> (ImportResultId: '094527519c470b88fa417034c8525023') in 0.031918541 seconds
[Worker0] Imported GUID: 20e5036a7508c01479cdb7338b1c86cc - Path: Assets/Imported_Aseests/TerrainSampleAssets/Textures/Details/Grass_C_MaskMap.tif - Importer: ScriptedImporter/UnityEditor.QuickSearchModule:UnityEditor.Search:ASIAI0B -> (ImportResultId: '4822f68410885805db50ae5a3b5e9e2f') in 0.02598625 seconds
[Worker1] Imported GUID: ceb297a70ecfb74479647a7e0e433265 - Path: Assets/Imported_Aseests/TerrainSampleAssets/TerrainBrushes/Terrainstamp_Canyon05_Brush.brush - Importer: ScriptedImporter/UnityEditor.QuickSearchModule:UnityEditor.Search:ASIAI0B -> (ImportResultId: 'fcda23b51ef76c3928b020beb2886159') in 0.027352541 seconds
[Worker0] Imported GUID: e39c4b98a4756b043a23fb5b81e7b25a - Path: Assets/Imported_Aseests/TerrainSampleAssets/Textures/Terrain/Tidal_Pools_MaskMap.tif - Importer: ScriptedImporter/UnityEditor.QuickSearchModule:UnityEditor.Search:ASIAI0B -> (ImportResultId: '66a442400a417e908f583188264fcfdf') in 0.025759375 seconds
[Worker1] Imported GUID: 17cc5677d5a413843b9003e53261c859 - Path: Assets/Imported_Aseests/TerrainSampleAssets/Textures/Details/GrassDry_Normal.tif - Importer: ScriptedImporter/UnityEditor.QuickSearchModule:UnityEditor.Search:ASIAI0B -> (ImportResultId: '6c14547c5c917e92b0f0a37c9f945885') in 0.022538125 seconds
[Worker0] Imported GUID: a48ad8aadb27f004390383c89862e6f3 - Path: Assets/Imported_Aseests/TerrainSampleAssets/Materials/Bush.asset - Importer: ScriptedImporter/UnityEditor.QuickSearchModule:UnityEditor.Search:ASIAI0B -> (ImportResultId: 'c908e368a95030567f6e32e0f9bd0391') in 0.02768025 seconds
[Worker1] Imported GUID: 52ed55fadd8d2b34cb0f9f08adb04a84 - Path: Assets/Imported_Aseests/TerrainSampleAssets/TerrainBrushes/Terrainstamp_Island01_Brush.brush - Importer: ScriptedImporter/UnityEditor.QuickSearchModule:UnityEditor.Search:ASIAI0B -> (ImportResultId: '91ad54dd5bf6ee0c2432516f3e202e4c') in 0.026914583 seconds
[Worker0] Imported GUID: 5bcc5a77fc677c24c98eb188064d3acd - Path: Assets/Imported_Aseests/TerrainSampleAssets/TerrainBrushes/Terrainstamp_Volcano02_Brush.brush - Importer: ScriptedImporter/UnityEditor.QuickSearchModule:UnityEditor.Search:ASIAI0B -> (ImportResultId: '88a904a6835d82e2a6c92a1f85bc4c35') in 0.025478875 seconds
[Worker1] Imported GUID: baa12ab73b962474eb9afea9483e1f0f - Path: Assets/Imported_Aseests/TerrainSampleAssets/ShaderGraphs/Subgraphs/AnimatedGrassPhase.shadersubgraph - Importer: ScriptedImporter/UnityEditor.QuickSearchModule:UnityEditor.Search:ASIAI0B -> (ImportResultId: '0beb3bfc6d570b5f37380134593df9a5') in 0.022189792 seconds
[Worker0] Imported GUID: a4f389caed25e6241b38ba88a286c911 - Path: Assets/Imported_Aseests/TerrainSampleAssets/TerrainLayers/Pebbles_A_TerrainLayer.terrainlayer - Importer: ScriptedImporter/UnityEditor.QuickSearchModule:UnityEditor.Search:ASIAI0B -> (ImportResultId: 'd9c0e61df7ab7d9fa0c27f50411ed3c6') in 0.0311405 seconds
[Worker1] Imported GUID: 2dd80f1b9b10057439e2db179b557ebc - Path: Assets/Imported_Aseests/TerrainSampleAssets/Textures/Terrain/Pebbles_B_BaseColor.tif - Importer: ScriptedImporter/UnityEditor.QuickSearchModule:UnityEditor.Search:ASIAI0B -> (ImportResultId: '1e990b6971d6d82f8d3f81e19780f14b') in 0.023087917 seconds
[Worker0] Imported GUID: 791ebe8a3d329b34ca7dc4616ec3cd34 - Path: Assets/Imported_Aseests/TerrainSampleAssets/Textures/Heightmaps/Clouds_Heightmap.tif - Importer: ScriptedImporter/UnityEditor.QuickSearchModule:UnityEditor.Search:ASIAI0B -> (ImportResultId: '7dd9ca948f9231645a60619973d046fb') in 0.022416916 seconds
[Worker1] Imported GUID: 70e652ab807bd5c4ca36dc57a1ed6339 - Path: Assets/Imported_Aseests/TerrainSampleAssets/Textures/Heightmaps/Mountain11_Heightmap.tiff - Importer: ScriptedImporter/UnityEditor.QuickSearchModule:UnityEditor.Search:ASIAI0B -> (ImportResultId: '32e13f25b552fae0cb276d484dfe2f20') in 0.027552792 seconds
[Worker0] Imported GUID: 9f2c593ad6e69ad4ab880e57ce9b69d6 - Path: Assets/Imported_Aseests/TerrainSampleAssets/Textures/Terrain/Grass_Dry_MaskMap.tif - Importer: ScriptedImporter/UnityEditor.QuickSearchModule:UnityEditor.Search:ASIAI0B -> (ImportResultId: 'ed060bd1ab7ab5bb4464e99550341bc1') in 0.024975083 seconds
[Worker1] Imported GUID: c997c17aa360cb749a27932fe3bdfcce - Path: Assets/Imported_Aseests/TerrainSampleAssets/TerrainLayers/Rock_TerrainLayer.terrainlayer - Importer: ScriptedImporter/UnityEditor.QuickSearchModule:UnityEditor.Search:ASIAI0B -> (ImportResultId: '6a26a3acf8bf352fc986b34545927e5f') in 0.030229458 seconds
[Worker0] Imported GUID: 440810c88740a8045949d48b489e443b - Path: Assets/Imported_Aseests/TerrainSampleAssets/Textures/Heightmaps/Ridge04_Heightmap.tif - Importer: ScriptedImporter/UnityEditor.QuickSearchModule:UnityEditor.Search:ASIAI0B -> (ImportResultId: 'b9ba0789809c8802459580b3339cbcba') in 0.025086834 seconds
[Worker1] Imported GUID: eb8981774e4509b4ba09dcceaf8814d1 - Path: Assets/Imported_Aseests/TerrainSampleAssets/Textures/Heightmaps/Mountain03_Heightmap.tif - Importer: ScriptedImporter/UnityEditor.QuickSearchModule:UnityEditor.Search:ASIAI0B -> (ImportResultId: 'd16fa979d5a611df543ae5376ec3ded9') in 0.024065125 seconds
[Worker0] Imported GUID: 6e325b7abaea45841a5bcb6c09fde762 - Path: Assets/Imported_Aseests/TerrainSampleAssets/TerrainBrushes/Terrainstamp_Slope02_Brush.brush - Importer: ScriptedImporter/UnityEditor.QuickSearchModule:UnityEditor.Search:ASIAI0B -> (ImportResultId: 'a3ef5e343189e7592a06f23bf2b15e40') in 0.02690675 seconds
[Worker1] Imported GUID: c8542799e804ef04eb35ba93777008a8 - Path: Assets/Imported_Aseests/TerrainSampleAssets/Models/Grass_A.asset - Importer: ScriptedImporter/UnityEditor.QuickSearchModule:UnityEditor.Search:ASIAI0B -> (ImportResultId: '50225c1c59a0c154724c2340aca0c251') in 0.021206 seconds
[Worker0] Imported GUID: 3785d5abd275c7147a10aa4bf8720df4 - Path: Assets/Imported_Aseests/TerrainSampleAssets/Textures/Details/GrassDry_BaseColor.tif - Importer: ScriptedImporter/UnityEditor.QuickSearchModule:UnityEditor.Search:ASIAI0B -> (ImportResultId: '7e534e819770167484e1b0e2b5823478') in 0.023089292 seconds
[Worker1] Imported GUID: 8e255f57d15705e488d4db5425239501 - Path: Assets/Imported_Aseests/TerrainSampleAssets/Textures/Terrain/Pebbles_C_BaseColor.tif - Importer: ScriptedImporter/UnityEditor.QuickSearchModule:UnityEditor.Search:ASIAI0B -> (ImportResultId: '532e8260f6acd59c3efeee4c033539b3') in 0.0239435 seconds
[Worker0] Imported GUID: 7ee3d567366c781458dc63f069654dff - Path: Assets/Imported_Aseests/TerrainSampleAssets/TerrainBrushes/Terrainstamp_Erode01_Brush.brush - Importer: ScriptedImporter/UnityEditor.QuickSearchModule:UnityEditor.Search:ASIAI0B -> (ImportResultId: 'd6de47eb02b52ff2ee465c7a35549263') in 0.023595709 seconds
[Worker1] Imported GUID: e18ae12a8286a594bae0eb036ce9bc12 - Path: Assets/Imported_Aseests/TerrainSampleAssets/Textures/Terrain/Sand_BaseColor.tif - Importer: ScriptedImporter/UnityEditor.QuickSearchModule:UnityEditor.Search:ASIAI0B -> (ImportResultId: '52945195f82601d667f001150eae5f78') in 0.022937958 seconds
[Worker0] Imported GUID: 6f360df90c5a57042ba4b09cb3249ffc - Path: Assets/Imported_Aseests/TerrainSampleAssets/TerrainBrushes/Terrainstamp_Mountain07_Brush.brush - Importer: ScriptedImporter/UnityEditor.QuickSearchModule:UnityEditor.Search:ASIAI0B -> (ImportResultId: '5e07e829aa773b333139f28184bef2e5') in 0.024191375 seconds
[Worker1] Imported GUID: 61a6ad6be0be2b444addf88107c0fda2 - Path: Assets/Imported_Aseests/TerrainSampleAssets/Textures/Terrain/Grass_Soil_MaskMap.tif - Importer: ScriptedImporter/UnityEditor.QuickSearchModule:UnityEditor.Search:ASIAI0B -> (ImportResultId: '6e6b89d44cae1c58ac8dd6cdd8166e0e') in 0.024434041 seconds
[Worker0] Imported GUID: 3b8f934b79237034b816dfcc8369e9fb - Path: Assets/Imported_Aseests/TerrainSampleAssets/Models/BushDry_A.asset - Importer: ScriptedImporter/UnityEditor.QuickSearchModule:UnityEditor.Search:ASIAI0B -> (ImportResultId: '5a2b667adece0c5f7ff301ce004c7c16') in 0.021705875 seconds
[Worker1] Imported GUID: eb70932bab3d971408c011dbb45767a9 - Path: Assets/Imported_Aseests/TerrainSampleAssets/Textures/Terrain/Grass_B_Normal.tif - Importer: ScriptedImporter/UnityEditor.QuickSearchModule:UnityEditor.Search:ASIAI0B -> (ImportResultId: 'a31343059a900b0696ee3215fe6aa99a') in 0.026139334 seconds
[Worker0] Imported GUID: 2d41276a33f8bc949b93fed615e212c4 - Path: Assets/Imported_Aseests/TerrainSampleAssets/Textures/Terrain/Grass_Moss_MaskMap.tif - Importer: ScriptedImporter/UnityEditor.QuickSearchModule:UnityEditor.Search:ASIAI0B -> (ImportResultId: '0f12e7568f4641f3b7c1227b3dcb24e6') in 0.026960334 seconds
[Worker1] Imported GUID: 32c701976955001429b200f33da0d4a9 - Path: Assets/Imported_Aseests/TerrainSampleAssets/Textures/Terrain/Sand_MaskMap.tif - Importer: ScriptedImporter/UnityEditor.QuickSearchModule:UnityEditor.Search:ASIAI0B -> (ImportResultId: '6b968cffe580cacce7f8396a230ea4e6') in 0.024316583 seconds
[Worker0] Imported GUID: 2acdbd081c9f4e7448a4885ecf259aaf - Path: Assets/Imported_Aseests/TerrainSampleAssets/Textures/Details/Heather_A_MaskMap.tif - Importer: ScriptedImporter/UnityEditor.QuickSearchModule:UnityEditor.Search:ASIAI0B -> (ImportResultId: '656fbd72ea5c7edf633619707f58af65') in 0.0246255 seconds
[Worker1] Imported GUID: 7ddc1e59f6e82cc4693b55b0badb4aa3 - Path: Assets/Imported_Aseests/TerrainSampleAssets/TerrainBrushes/Terrainstamp_Canyon02_Brush.brush - Importer: ScriptedImporter/UnityEditor.QuickSearchModule:UnityEditor.Search:ASIAI0B -> (ImportResultId: 'd80b0689721d24acf7368418fc7cd165') in 0.024572875 seconds
[Worker0] Imported GUID: 100a50e8b1d0bc04b95bc2f03cb760db - Path: Assets/Imported_Aseests/TerrainSampleAssets/Textures/Details/BushDry_Thickness.tif - Importer: ScriptedImporter/UnityEditor.QuickSearchModule:UnityEditor.Search:ASIAI0B -> (ImportResultId: 'bf5516344f3ba79aaf842879b070387b') in 0.023059292 seconds
[Worker1] Imported GUID: 4bbbe659961263d4390b9322f0328fe0 - Path: Assets/Imported_Aseests/TerrainSampleAssets/TerrainBrushes/Terrainstamp_Slope03_Brush.brush - Importer: ScriptedImporter/UnityEditor.QuickSearchModule:UnityEditor.Search:ASIAI0B -> (ImportResultId: '96fc662c67d1b79182d4499eea87e562') in 0.023493792 seconds
[Worker0] Imported GUID: b5fff5575723f4a40bfa0f147cb9c27f - Path: Assets/Imported_Aseests/TerrainSampleAssets/Textures/Terrain/Grass_Soil_Normal.tif - Importer: ScriptedImporter/UnityEditor.QuickSearchModule:UnityEditor.Search:ASIAI0B -> (ImportResultId: 'f164897b4b0abd69384038c6b9765f22') in 0.024671708 seconds
[Worker1] Imported GUID: e318f31bebce62d48a648da3f8ba56c9 - Path: Assets/Imported_Aseests/TerrainSampleAssets/Textures/Terrain/Grass_B_BaseColor.tif - Importer: ScriptedImporter/UnityEditor.QuickSearchModule:UnityEditor.Search:ASIAI0B -> (ImportResultId: 'b435eec77456509c0cf7cf79db44e1d6') in 0.025238083 seconds
[Worker0] Imported GUID: 8cb2914aba3e5d545bb189195869f9f4 - Path: Assets/Imported_Aseests/TerrainSampleAssets/Textures/Details/Fern_Normal.tif - Importer: ScriptedImporter/UnityEditor.QuickSearchModule:UnityEditor.Search:ASIAI0B -> (ImportResultId: '2b8437a00057192b6dee799e285bb1c1') in 0.023278042 seconds
[Worker1] Imported GUID: 4786e2698ac97a949a9209febfcbd49b - Path: Assets/Imported_Aseests/TerrainSampleAssets/Prefabs/Fern_C.prefab - Importer: ScriptedImporter/UnityEditor.QuickSearchModule:UnityEditor.Search:ASIAI0B -> (ImportResultId: '4f8de4b48e841bcd610500e0f7b1a758') in 0.025489375 seconds
[Worker0] Imported GUID: d4e29f095247ea040aabee8a6cb3b010 - Path: Assets/Imported_Aseests/TerrainSampleAssets/TerrainBrushes/Terrainstamp_Canyon03_Brush.brush - Importer: ScriptedImporter/UnityEditor.QuickSearchModule:UnityEditor.Search:ASIAI0B -> (ImportResultId: '4a002d95828fe3c8cc2e6186f4dd8a17') in 0.022740791 seconds
[Worker1] Imported GUID: da02531a879811e48a7f7766744588c8 - Path: Assets/Imported_Aseests/TerrainSampleAssets/Textures/Heightmaps/Slope02_Heightmap.tiff - Importer: ScriptedImporter/UnityEditor.QuickSearchModule:UnityEditor.Search:ASIAI0B -> (ImportResultId: 'b12e923391058d975371f4e8a313f469') in 0.024128625 seconds
[Worker0] Imported GUID: b1dadb884e92879469e470aba88f0096 - Path: Assets/Imported_Aseests/TerrainSampleAssets/Textures/Heightmaps/Ridge03_Heightmap.tif - Importer: ScriptedImporter/UnityEditor.QuickSearchModule:UnityEditor.Search:ASIAI0B -> (ImportResultId: '9f62199a6d09ffc7fc993534036cb273') in 0.02872075 seconds
[Worker1] Imported GUID: 3771b24b1afb4bd4d86e3ba795b65a32 - Path: Assets/Imported_Aseests/TerrainSampleAssets/Textures/Heightmaps/Canyon05_Heightmap.tif - Importer: ScriptedImporter/UnityEditor.QuickSearchModule:UnityEditor.Search:ASIAI0B -> (ImportResultId: '3b616985b51c1eaee74790cdf80113f6') in 0.026681833 seconds
[Worker0] Imported GUID: f3661c5aa3d7dc141aebd059ea67047b - Path: Assets/Imported_Aseests/TerrainSampleAssets/Textures/Details/Fern_BaseColor.tif - Importer: ScriptedImporter/UnityEditor.QuickSearchModule:UnityEditor.Search:ASIAI0B -> (ImportResultId: 'd454f79447d006418e19415b16654f9d') in 0.023124334 seconds
[Worker1] Imported GUID: 043a3cc82df9fb94aba4f90d2009efc7 - Path: Assets/Imported_Aseests/TerrainSampleAssets/Textures/Heightmaps/Island01_Heightmap.tif - Importer: ScriptedImporter/UnityEditor.QuickSearchModule:UnityEditor.Search:ASIAI0B -> (ImportResultId: '699905ddc0e5ceeff22b7da9824537e3') in 0.022390334 seconds
[Worker0] Imported GUID: d3f698d8d13edc2478d19e143b436434 - Path: Assets/Imported_Aseests/TerrainSampleAssets/Materials/Grass_C.asset - Importer: ScriptedImporter/UnityEditor.QuickSearchModule:UnityEditor.Search:ASIAI0B -> (ImportResultId: 'ef8734e8db484ec6ee99f09fb5d85612') in 0.027914 seconds
[Worker1] Imported GUID: d5a7b708862dd0a449b4bccbefdd2335 - Path: Assets/Imported_Aseests/TerrainSampleAssets/Textures/Details/Fern_MaskMap.tif - Importer: ScriptedImporter/UnityEditor.QuickSearchModule:UnityEditor.Search:ASIAI0B -> (ImportResultId: '17daa6c082e20d9c76d8934de96cc707') in 0.022467625 seconds
[Worker0] Imported GUID: 8569bec78272c564ab74ca5b8a4762f1 - Path: Assets/Imported_Aseests/TerrainSampleAssets/Prefabs/Plant_D.prefab - Importer: ScriptedImporter/UnityEditor.QuickSearchModule:UnityEditor.Search:ASIAI0B -> (ImportResultId: 'bae5a332fd47122286dd5bf1307026bf') in 0.025760583 seconds
[Worker1] Imported GUID: 091511b8c4f042c4082a4d5af73e92c7 - Path: Assets/Imported_Aseests/TerrainSampleAssets/TerrainLayers/Muddy_TerrainLayer.terrainlayer - Importer: ScriptedImporter/UnityEditor.QuickSearchModule:UnityEditor.Search:ASIAI0B -> (ImportResultId: 'bdc1cf686600a45c4ceff8a2f7ac176f') in 0.033870834 seconds
[Worker0] Imported GUID: e4775a09ccd762a42b26cb448a2763f0 - Path: Assets/Imported_Aseests/TerrainSampleAssets/Models/Grass_C.asset - Importer: ScriptedImporter/UnityEditor.QuickSearchModule:UnityEditor.Search:ASIAI0B -> (ImportResultId: '4e741c5b74ace9c06715785a122253fc') in 0.023304667 seconds
[Worker1] Imported GUID: a757b66aa1cbcbe4595dd37a3729ba24 - Path: Assets/Imported_Aseests/TerrainSampleAssets/TerrainBrushes/Soft_Round_Brush.brush - Importer: ScriptedImporter/UnityEditor.QuickSearchModule:UnityEditor.Search:ASIAI0B -> (ImportResultId: '63811570d0ebb40f4d4e2866f100a30b') in 0.021249542 seconds
[Worker0] Imported GUID: 0f48eac8617d0de4cbc056e1734e798b - Path: Assets/Imported_Aseests/TerrainSampleAssets/Textures/Terrain/Grass_B_MaskMap.tif - Importer: ScriptedImporter/UnityEditor.QuickSearchModule:UnityEditor.Search:ASIAI0B -> (ImportResultId: 'eb5d127fd2fd6bba304ea524e802cc3c') in 0.025861084 seconds
[Worker1] Imported GUID: bac2ee7bfc3dea8438d082adcfe5219b - Path: Assets/Imported_Aseests/TerrainSampleAssets/Textures/Heightmaps/Slope04_Heightmap.tiff - Importer: ScriptedImporter/UnityEditor.QuickSearchModule:UnityEditor.Search:ASIAI0B -> (ImportResultId: 'bf20d282185fa8c223e01a77994d9172') in 0.028572875 seconds
[Worker0] Imported GUID: deb3a5099f3fc81408def7e176a5f5de - Path: Assets/Imported_Aseests/TerrainSampleAssets/Textures/Details/Heather_A_BaseColor.tif - Importer: ScriptedImporter/UnityEditor.QuickSearchModule:UnityEditor.Search:ASIAI0B -> (ImportResultId: '26b8749b771fa3dd11a6aa632b11989b') in 0.023416584 seconds
[Worker1] Imported GUID: 5f245f896176c8142bea5666a89372dc - Path: Assets/Imported_Aseests/TerrainSampleAssets/ShaderGraphs/CustomFunctions/CustomLighting.hlsl - Importer: ScriptedImporter/UnityEditor.QuickSearchModule:UnityEditor.Search:ASIAI0B -> (ImportResultId: '44ae2f98f9666146c1c1fcaba99c61a9') in 0.020654833 seconds
[Worker0] Imported GUID: a579e897aa6ba004ab0e04fa3053263a - Path: Assets/Imported_Aseests/TerrainSampleAssets/TerrainLayers/Pebbles_C_TerrainLayer.terrainlayer - Importer: ScriptedImporter/UnityEditor.QuickSearchModule:UnityEditor.Search:ASIAI0B -> (ImportResultId: '21341fb148f4343c76d0478b97f7e9f6') in 0.030135125 seconds
[Worker1] Imported GUID: 34620cf8cdb76ba4b9af2acb627f7846 - Path: Assets/Imported_Aseests/TerrainSampleAssets/Models/GrassDry_B.asset - Importer: ScriptedImporter/UnityEditor.QuickSearchModule:UnityEditor.Search:ASIAI0B -> (ImportResultId: '08faffdd2bb584c1d8ebbe157a48affc') in 0.021929625 seconds
[Worker0] Imported GUID: adfba81bdb8d30048bbea4ad595dbab7 - Path: Assets/Imported_Aseests/TerrainSampleAssets/Textures/Heightmaps/Soft_Peaks01_Heightmap.tif - Importer: ScriptedImporter/UnityEditor.QuickSearchModule:UnityEditor.Search:ASIAI0B -> (ImportResultId: 'eeca1fb89ec694ed8de5e12b4fec9bbd') in 0.023610875 seconds
[Worker1] Imported GUID: b38901ae2e7149540aaa7fe2697aba3e - Path: Assets/Imported_Aseests/TerrainSampleAssets/Textures/Heightmaps/Ridge_Edge01_Heightmap.tif - Importer: ScriptedImporter/UnityEditor.QuickSearchModule:UnityEditor.Search:ASIAI0B -> (ImportResultId: '310cb30552492b89a2ab76e17a00582f') in 0.030363875 seconds
[Worker0] Imported GUID: 37bf2efdabb269f4b891344af9233d9e - Path: Assets/Imported_Aseests/TerrainSampleAssets/Textures/Terrain/Pebbles_C_MaskMap.tif - Importer: ScriptedImporter/UnityEditor.QuickSearchModule:UnityEditor.Search:ASIAI0B -> (ImportResultId: 'aeda39f382307619099d0ff38e74ece5') in 0.034936375 seconds
[Worker1] Imported GUID: 6629880e46886724fa0107d3035304e6 - Path: Assets/Imported_Aseests/TerrainSampleAssets/Prefabs/Fern_A.prefab - Importer: ScriptedImporter/UnityEditor.QuickSearchModule:UnityEditor.Search:ASIAI0B -> (ImportResultId: 'a3953019f61ef2f23cb2e169d894360c') in 0.026104625 seconds
[Worker0] Imported GUID: 8569f88df55a4b64b997e64b2aa69432 - Path: Assets/Imported_Aseests/TerrainSampleAssets/TerrainBrushes/Terrainstamp_Mountain02_Brush.brush - Importer: ScriptedImporter/UnityEditor.QuickSearchModule:UnityEditor.Search:ASIAI0B -> (ImportResultId: 'c2ff00f8a70a389a760c04aa8f725fe3') in 0.022222166 seconds
[Worker1] Imported GUID: d39a1b9e5d5c7b9499f579fa5c70a2a3 - Path: Assets/Imported_Aseests/TerrainSampleAssets/Textures/Terrain/Rock_Normal.tif - Importer: ScriptedImporter/UnityEditor.QuickSearchModule:UnityEditor.Search:ASIAI0B -> (ImportResultId: 'e3476623495abc412ef2da48435c7806') in 0.024051333 seconds
[Worker0] Imported GUID: 6d6ea10f03c4d7245a66d6515bf1bc6d - Path: Assets/Imported_Aseests/TerrainSampleAssets/Prefabs/Plant_A.prefab - Importer: ScriptedImporter/UnityEditor.QuickSearchModule:UnityEditor.Search:ASIAI0B -> (ImportResultId: 'beee658f00c86831a0707f47921015e7') in 0.024818291 seconds
[Worker0] Imported GUID: 19f3cdde7d5104c4da897ac17045ddfd - Path: Assets/Imported_Aseests/TerrainSampleAssets/Models/Fern_C.asset - Importer: ScriptedImporter/UnityEditor.QuickSearchModule:UnityEditor.Search:ASIAI0B -> (ImportResultId: '9df644f33d1df6e8c1b444f41f71edae') in 0.024313917 seconds
[Worker1] Imported GUID: 776f9b3da89f9394cac9a53aab9a5eb5 - Path: Assets/Imported_Aseests/TerrainSampleAssets/TerrainBrushes/Terrainstamp_Ridge01_Brush.brush - Importer: ScriptedImporter/UnityEditor.QuickSearchModule:UnityEditor.Search:ASIAI0B -> (ImportResultId: '156bf9ae472fd5886b18cd2a35a2e089') in 0.027639583 seconds
[Worker1] Imported GUID: 77efac6da14b90f48895b89d90b5ef3f - Path: Assets/Imported_Aseests/TerrainSampleAssets/Textures/Details/GrassDry_Thickness.tif - Importer: ScriptedImporter/UnityEditor.QuickSearchModule:UnityEditor.Search:ASIAI0B -> (ImportResultId: '23f5a6171ef3d258f6ec807aef2c07d1') in 0.020813375 seconds
[Worker0] Imported GUID: d835c61db4c94444eabef9cf95e8a7c4 - Path: Assets/Imported_Aseests/TerrainSampleAssets/Textures/Terrain/Grass_Dry_Normal.tif - Importer: ScriptedImporter/UnityEditor.QuickSearchModule:UnityEditor.Search:ASIAI0B -> (ImportResultId: '3144430db0e1e3756e7c483ce4a9581c') in 0.024807083 seconds
[Worker0] Imported GUID: 7eae67bc3f75e02478ed0f5c2d4498cf - Path: Assets/Imported_Aseests/TerrainSampleAssets/TerrainBrushes/Terrainstamp_Softpeaks01_Brush.brush - Importer: ScriptedImporter/UnityEditor.QuickSearchModule:UnityEditor.Search:ASIAI0B -> (ImportResultId: 'cf4f32070457812ce8a4e2f9b63cca21') in 0.02268975 seconds
[Worker1] Imported GUID: 0ae4396d11e334e4daf11922ac1f175f - Path: Assets/Imported_Aseests/TerrainSampleAssets/Textures/Heightmaps/Hills02_Heightmap.tiff - Importer: ScriptedImporter/UnityEditor.QuickSearchModule:UnityEditor.Search:ASIAI0B -> (ImportResultId: 'b3980d600a412989bce8549552b2544d') in 0.027238709 seconds
[Worker0] Imported GUID: 7e35234e281d141418972228ee38415e - Path: Assets/Imported_Aseests/TerrainSampleAssets/Textures/Terrain/Rock_BaseColor.tif - Importer: ScriptedImporter/UnityEditor.QuickSearchModule:UnityEditor.Search:ASIAI0B -> (ImportResultId: '64b3d9b6222c667cc57d6d4c75d2f45b') in 0.022988292 seconds
[Worker1] Imported GUID: bde7423cb35c64746b6b24c63040dcb0 - Path: Assets/Imported_Aseests/TerrainSampleAssets/Textures/Terrain/Grass_Soil_BaseColor.tif - Importer: ScriptedImporter/UnityEditor.QuickSearchModule:UnityEditor.Search:ASIAI0B -> (ImportResultId: '24d438633cf8a55c09c546b78efd69f5') in 0.022025334 seconds
[Worker0] Imported GUID: da7c572fc46d2a345963c4775ee9dc60 - Path: Assets/Imported_Aseests/TerrainSampleAssets/TerrainBrushes/Terrainstamp_Slope04_Brush.brush - Importer: ScriptedImporter/UnityEditor.QuickSearchModule:UnityEditor.Search:ASIAI0B -> (ImportResultId: '82e74753b5f6c12db525e399c8f3ca3d') in 0.024766834 seconds
[Worker1] Imported GUID: 014d61beb3975e849b26bc42fbf17b42 - Path: Assets/Imported_Aseests/TerrainSampleAssets/TerrainBrushes/Terrainstamp_Ridge05_Brush.brush - Importer: ScriptedImporter/UnityEditor.QuickSearchModule:UnityEditor.Search:ASIAI0B -> (ImportResultId: '660bb8224bc2a558a71ab0277181ab1f') in 0.024878042 seconds
[Worker0] Imported GUID: 5bdbe53dce2414e458937234dce49479 - Path: Assets/Imported_Aseests/TerrainSampleAssets/Textures/Details/Grass_A_Thickness.tif - Importer: ScriptedImporter/UnityEditor.QuickSearchModule:UnityEditor.Search:ASIAI0B -> (ImportResultId: '446a55e7f9b410e025cde8347b48e899') in 0.0218425 seconds
[Worker1] Imported GUID: bcd36bed575f11d42bc048f705b8b6a5 - Path: Assets/Imported_Aseests/TerrainSampleAssets/Textures/Details/Plant_Normal.tif - Importer: ScriptedImporter/UnityEditor.QuickSearchModule:UnityEditor.Search:ASIAI0B -> (ImportResultId: '539deb164d0e6553d3dd5cff68be4e1b') in 0.021781416 seconds
[Worker1] Imported GUID: 19f8f1dbc6e0e2a45aa2e518452ffa62 - Path: Assets/Imported_Aseests/TerrainSampleAssets/README.pdf - Importer: ScriptedImporter/UnityEditor.QuickSearchModule:UnityEditor.Search:ASIAI0B -> (ImportResultId: 'e4e3a124694047f7c35f6605263e7599') in 0.018984708 seconds
[Worker0] Imported GUID: a84a003f62212dd48b832a72ba178a49 - Path: Assets/Imported_Aseests/TerrainSampleAssets/TerrainBrushes/Terrainstamp_Mountain10_Brush.brush - Importer: ScriptedImporter/UnityEditor.QuickSearchModule:UnityEditor.Search:ASIAI0B -> (ImportResultId: 'f0b56282d1731590b9b34a9fc2ef7db2') in 0.02334325 seconds
[Worker1] Imported GUID: 211a44eba6f5ca34ea3d3ac34bbc3469 - Path: Assets/Imported_Aseests/TerrainSampleAssets/Models/Heather_A.asset - Importer: ScriptedImporter/UnityEditor.QuickSearchModule:UnityEditor.Search:ASIAI0B -> (ImportResultId: 'd5d5bfff11ffe6d498f389a272a458b7') in 0.0206665 seconds
[Worker0] Imported GUID: b44a453c2397af74cb81885989043518 - Path: Assets/Imported_Aseests/TerrainSampleAssets/Textures/Heightmaps/Mountain06_Heightmap.tif - Importer: ScriptedImporter/UnityEditor.QuickSearchModule:UnityEditor.Search:ASIAI0B -> (ImportResultId: '9e705b85ffbce8d8b044ff754f9a87ca') in 0.022681542 seconds
[Worker0] Imported GUID: 15afb6df1db838d409d503b01fb48944 - Path: Assets/Imported_Aseests/TerrainSampleAssets/Models/Grass_D.asset - Importer: ScriptedImporter/UnityEditor.QuickSearchModule:UnityEditor.Search:ASIAI0B -> (ImportResultId: 'd36e674ec6dd0453c15ec27d450f4fda') in 0.021042834 seconds
[Worker1] Imported GUID: 83f03b3c2b2d5df40898d8c2123239ae - Path: Assets/Imported_Aseests/TerrainSampleAssets/Textures/Terrain/Sand_Normal.tif - Importer: ScriptedImporter/UnityEditor.QuickSearchModule:UnityEditor.Search:ASIAI0B -> (ImportResultId: '0acd2ac43246b0d4e73f9626e5a3993d') in 0.024474083 seconds
[Worker1] Imported GUID: 3a23908d07382b448b4dbd8adef2c4a0 - Path: Assets/Imported_Aseests/TerrainSampleAssets/TerrainBrushes/Terrainstamp_Mountain11_Brush.brush - Importer: ScriptedImporter/UnityEditor.QuickSearchModule:UnityEditor.Search:ASIAI0B -> (ImportResultId: 'd07d2fd61a6638aa85a462393bcc1a74') in 0.023586666 seconds
[Worker0] Imported GUID: 7d08355cc5be1584f858af2f22f8bbbb - Path: Assets/Imported_Aseests/TerrainSampleAssets/TerrainBrushes/Terrainstamp_Ridge03_Brush.brush - Importer: ScriptedImporter/UnityEditor.QuickSearchModule:UnityEditor.Search:ASIAI0B -> (ImportResultId: 'dd0e6977a70202e52be49bcf5afc5219') in 0.024221 seconds
[Worker1] Imported GUID: 9bf68c6e5059e7549b60e91ca11987a6 - Path: Assets/Imported_Aseests/TerrainSampleAssets/Textures/Details/Grass_A_BaseColor.tif - Importer: ScriptedImporter/UnityEditor.QuickSearchModule:UnityEditor.Search:ASIAI0B -> (ImportResultId: '97cadcc42526e357195e80cfd71766ad') in 0.021788833 seconds
[Worker0] Imported GUID: 116d48bc82e4c0a4683cbd79927b4596 - Path: Assets/Imported_Aseests/TerrainSampleAssets/Textures/Heightmaps/Plateau03_Heightmap.tif - Importer: ScriptedImporter/UnityEditor.QuickSearchModule:UnityEditor.Search:ASIAI0B -> (ImportResultId: '8820233e9e75717002615cd96104a6f8') in 0.023131667 seconds
[Worker1] Imported GUID: 297a3ddfc901318499e15b3a0c8ec74d - Path: Assets/Imported_Aseests/TerrainSampleAssets/Textures/Terrain/Pebbles_C_Normal.tif - Importer: ScriptedImporter/UnityEditor.QuickSearchModule:UnityEditor.Search:ASIAI0B -> (ImportResultId: 'afd48e1da2d1c1a5ec7bcda71722d164') in 0.022722042 seconds
[Worker0] Imported GUID: 24a7eabe2ad91f84fbf3a7ecf7b532b6 - Path: Assets/Imported_Aseests/TerrainSampleAssets/TerrainBrushes/Terrainstamp_Ridge06_Brush.brush - Importer: ScriptedImporter/UnityEditor.QuickSearchModule:UnityEditor.Search:ASIAI0B -> (ImportResultId: '232fc5218a75fe4874c93359c7785675') in 0.026369917 seconds
[Worker1] Imported GUID: e5a2f11e9d7a4da4caf17b3e59800215 - Path: Assets/Imported_Aseests/TerrainSampleAssets/TerrainBrushes/Terrainstamp_Volcano01_Brush.brush - Importer: ScriptedImporter/UnityEditor.QuickSearchModule:UnityEditor.Search:ASIAI0B -> (ImportResultId: '550cf104d17ca48e306246095acca7fd') in 0.02344075 seconds
[Worker0] Imported GUID: 84399f7e9c8b199478532ded97f1ed9b - Path: Assets/Imported_Aseests/TerrainSampleAssets/TerrainBrushes/Terrainstamp_Mountain04_Brush.brush - Importer: ScriptedImporter/UnityEditor.QuickSearchModule:UnityEditor.Search:ASIAI0B -> (ImportResultId: 'aee933af7f4fd2016296d72e4440c881') in 0.023861375 seconds
[Worker0] Imported GUID: 2532d22dd52b5854189d40a50540b705 - Path: Assets/Imported_Aseests/TerrainSampleAssets/Models/Fern_A.asset - Importer: ScriptedImporter/UnityEditor.QuickSearchModule:UnityEditor.Search:ASIAI0B -> (ImportResultId: '1268b6abf8e8efcca0200c46f8dbea98') in 0.02192675 seconds
[Worker1] Imported GUID: abaa3d4f433df074389559003412235d - Path: Assets/Imported_Aseests/TerrainSampleAssets/Textures/Terrain/Pebbles_B_Normal.tif - Importer: ScriptedImporter/UnityEditor.QuickSearchModule:UnityEditor.Search:ASIAI0B -> (ImportResultId: 'f2e9aa3ce9de076c310b2ce9d7f7261b') in 0.027944958 seconds
[Worker1] Imported GUID: c671cabf34dd5314ca28492ced9c9001 - Path: Assets/Imported_Aseests/TerrainSampleAssets/Models/Plant_C.asset - Importer: ScriptedImporter/UnityEditor.QuickSearchModule:UnityEditor.Search:ASIAI0B -> (ImportResultId: 'bff5ed568a643061d08b3dc5c252efe9') in 0.0191745 seconds
[Worker0] Imported GUID: d427b65f0342fe84fa77dabe420757ee - Path: Assets/Imported_Aseests/TerrainSampleAssets/Models/Plant_A.asset - Importer: ScriptedImporter/UnityEditor.QuickSearchModule:UnityEditor.Search:ASIAI0B -> (ImportResultId: '16341ebee53003b6ad7185682b854893') in 0.020007875 seconds
[Worker1] Imported GUID: 8abd4e7f6f86e8b4cb4820fea28b8f34 - Path: Assets/Imported_Aseests/TerrainSampleAssets/Textures/Terrain/Pebbles_A_MaskMap.tif - Importer: ScriptedImporter/UnityEditor.QuickSearchModule:UnityEditor.Search:ASIAI0B -> (ImportResultId: '75cd4ca927acd4c0a4ebbb8e7144d1eb') in 0.022672375 seconds
[Worker0] Imported GUID: 5d46f74cdeedd7941ba8cd7cb7ebb40c - Path: Assets/Imported_Aseests/TerrainSampleAssets/Textures/Terrain/Snow_MaskMap.tif - Importer: ScriptedImporter/UnityEditor.QuickSearchModule:UnityEditor.Search:ASIAI0B -> (ImportResultId: 'ef87f56ec12e44e085083da2d1bf9581') in 0.0235945 seconds
[Worker1] Imported GUID: 00eadd7ea2cbbf14ca338babf410bdf4 - Path: Assets/Imported_Aseests/TerrainSampleAssets/Textures/Terrain/Pebbles_A_Normal.tif - Importer: ScriptedImporter/UnityEditor.QuickSearchModule:UnityEditor.Search:ASIAI0B -> (ImportResultId: '0662829e9a5dfa621560e7b2cc6557ca') in 0.023286042 seconds
[Worker0] Imported GUID: 73f0b5ac607c28d4696a6dd09a1de66a - Path: Assets/Imported_Aseests/TerrainSampleAssets/TerrainLayers/Soil_Rocks_TerrainLayer.terrainlayer - Importer: ScriptedImporter/UnityEditor.QuickSearchModule:UnityEditor.Search:ASIAI0B -> (ImportResultId: '9600f5621c838a6ef217bdf578a21ba2') in 0.029137792 seconds
[Worker1] Imported GUID: b5fcb6edb24b4544dbcf0dad9462ee5b - Path: Assets/Imported_Aseests/TerrainSampleAssets/TerrainLayers/Tidal_Pools_TerrainLayer.terrainlayer - Importer: ScriptedImporter/UnityEditor.QuickSearchModule:UnityEditor.Search:ASIAI0B -> (ImportResultId: '47f41777ac46d3cc88d5a2743ac459fd') in 0.028597125 seconds
[Worker0] Imported GUID: b273de0d6e5818a4cb3195ce4f376ccb - Path: Assets/Imported_Aseests/TerrainSampleAssets/Prefabs/Bush_B.prefab - Importer: ScriptedImporter/UnityEditor.QuickSearchModule:UnityEditor.Search:ASIAI0B -> (ImportResultId: '6bfebea0ef68a7c7356d72887c92ed66') in 0.026547875 seconds
[Worker1] Imported GUID: 408677bd09874114a90a745e08fd2112 - Path: Assets/Imported_Aseests/TerrainSampleAssets/ThirdPartyNotices.txt - Importer: ScriptedImporter/UnityEditor.QuickSearchModule:UnityEditor.Search:ASIAI0B -> (ImportResultId: '1b9b52728763d04d76139ac6a6540cbf') in 0.021049542 seconds
[Worker0] Imported GUID: d09f2ace661e1be4a8b5e60d52ab9e37 - Path: Assets/Imported_Aseests/TerrainSampleAssets/TerrainBrushes/Terrainstamp_Slope01_Brush.brush - Importer: ScriptedImporter/UnityEditor.QuickSearchModule:UnityEditor.Search:ASIAI0B -> (ImportResultId: '2b9d8efa3332d9dfbc8af49ddfc845eb') in 0.023386583 seconds
[Worker1] Imported GUID: eb0c8b2f7b0da9944ae8e4156f2ec349 - Path: Assets/Imported_Aseests/TerrainSampleAssets/Textures/Details/Plant_Thickness.tif - Importer: ScriptedImporter/UnityEditor.QuickSearchModule:UnityEditor.Search:ASIAI0B -> (ImportResultId: 'f6fd368238e5aafebf4a3ceee06271d4') in 0.030398833 seconds
[Worker0] Imported GUID: 11e6706e84aaff345ac7f2478d9d88a3 - Path: Assets/Imported_Aseests/TerrainSampleAssets/TerrainBrushes/Terrainstamp_Plateau02_Brush.brush - Importer: ScriptedImporter/UnityEditor.QuickSearchModule:UnityEditor.Search:ASIAI0B -> (ImportResultId: '34038f356ffba77355ff74839a0454ce') in 0.028279667 seconds
[Worker0] Imported GUID: deb3fcdbaaa2cf64f90d5a341ffd9939 - Path: Assets/Imported_Aseests/TerrainSampleAssets/Textures/Heightmaps/Ridge06_Heightmap.tif - Importer: ScriptedImporter/UnityEditor.QuickSearchModule:UnityEditor.Search:ASIAI0B -> (ImportResultId: 'def785df73ebf2efc0a30079637e262f') in 0.032040792 seconds
[Worker1] Imported GUID: 054bf5cf244ff2e4083cbf8eca205cf0 - Path: Assets/Imported_Aseests/TerrainSampleAssets/Prefabs/BushDry_B.prefab - Importer: ScriptedImporter/UnityEditor.QuickSearchModule:UnityEditor.Search:ASIAI0B -> (ImportResultId: '526109ef14f14971c07a1a97642f505f') in 0.034822625 seconds
[Worker0] Imported GUID: 903360ef543b50449ae74931c4fddc2c - Path: Assets/Imported_Aseests/TerrainSampleAssets/Textures/Heightmaps/Canyon01_Heightmap.tif - Importer: ScriptedImporter/UnityEditor.QuickSearchModule:UnityEditor.Search:ASIAI0B -> (ImportResultId: '000046d5ea9b82fbb7cad7b2fb616f62') in 0.024043791 seconds
[Worker1] Imported GUID: 33e332af78571f249aa14092c01288cb - Path: Assets/Imported_Aseests/TerrainSampleAssets/Textures/Terrain/Black_Sand_MaskMap.tif - Importer: ScriptedImporter/UnityEditor.QuickSearchModule:UnityEditor.Search:ASIAI0B -> (ImportResultId: '1cd8326345c800489ca61c7e535779fc') in 0.027755875 seconds
[Worker1] Imported GUID: 86f7d07dde38b154188fd60359df541e - Path: Assets/Imported_Aseests/TerrainSampleAssets/Textures/Terrain/Muddy_Normal.tif - Importer: ScriptedImporter/UnityEditor.QuickSearchModule:UnityEditor.Search:ASIAI0B -> (ImportResultId: '9a2284c7929b1a72cd7f087fefa1decb') in 0.023832125 seconds
[Worker0] Imported GUID: d5428cdc2df49fc4a9aa5bbbcfcfe0e0 - Path: Assets/Imported_Aseests/TerrainSampleAssets/Textures/Heightmaps/Mountain08_Heightmap.tif - Importer: ScriptedImporter/UnityEditor.QuickSearchModule:UnityEditor.Search:ASIAI0B -> (ImportResultId: 'bed467c854d185677d7accec4732d7fe') in 0.028952709 seconds
[Worker1] Imported GUID: f11a285f166a0f6499471bc2b3deaefb - Path: Assets/Imported_Aseests/TerrainSampleAssets/TerrainBrushes/Terrainstamp_Mountain03_Brush.brush - Importer: ScriptedImporter/UnityEditor.QuickSearchModule:UnityEditor.Search:ASIAI0B -> (ImportResultId: '58570480b095a8b91dabdaf85ceca434') in 0.0224965 seconds
[Worker0] Imported GUID: 5f61aa5f60d405a4b9f08becbe25d4c2 - Path: Assets/Imported_Aseests/TerrainSampleAssets/Textures/Terrain/Pebbles_A_BaseColor.tif - Importer: ScriptedImporter/UnityEditor.QuickSearchModule:UnityEditor.Search:ASIAI0B -> (ImportResultId: '4778152e69bfe3a4053cd1272ab0e587') in 0.021871125 seconds
[Worker1] Imported GUID: 1f59549ee2c7eab4d833e1b9cd1bb76b - Path: Assets/Imported_Aseests/TerrainSampleAssets/TerrainBrushes/Terrainstamp_Mountain06_Brush.brush - Importer: ScriptedImporter/UnityEditor.QuickSearchModule:UnityEditor.Search:ASIAI0B -> (ImportResultId: 'b81f1560131b9f607641bbdc49c17e59') in 0.022224541 seconds
[Worker0] Imported GUID: 4c72217d56dcb6749a897a75cad1f34e - Path: Assets/Imported_Aseests/TerrainSampleAssets/Prefabs/Grass_C.prefab - Importer: ScriptedImporter/UnityEditor.QuickSearchModule:UnityEditor.Search:ASIAI0B -> (ImportResultId: '606579908abd909e758469e5a7907a28') in 0.025040375 seconds
[Worker1] Imported GUID: 5ac60e8e8739b1f4daeb70e1c662df49 - Path: Assets/Imported_Aseests/TerrainSampleAssets/Textures/Details/Grass_C_Thickness.tif - Importer: ScriptedImporter/UnityEditor.QuickSearchModule:UnityEditor.Search:ASIAI0B -> (ImportResultId: '5980431bab4c4d9e6ec8384e3b8cd0be') in 0.021308875 seconds
[Worker0] Imported GUID: 87735acf16005914dba9087627517773 - Path: Assets/Imported_Aseests/TerrainSampleAssets/Textures/Terrain/Heather_BaseColor.tif - Importer: ScriptedImporter/UnityEditor.QuickSearchModule:UnityEditor.Search:ASIAI0B -> (ImportResultId: '7c008f0ae91e8b548c5b6e27c488c6cb') in 0.022457375 seconds
[Worker1] Imported GUID: 28b218fb0e12c994d8f0b586f65545f2 - Path: Assets/Imported_Aseests/TerrainSampleAssets/Textures/Terrain/Tidal_Pools_Normal.tif - Importer: ScriptedImporter/UnityEditor.QuickSearchModule:UnityEditor.Search:ASIAI0B -> (ImportResultId: '3e7679a7d5d33b5b83c6aa6122852b7a') in 0.02381575 seconds
[Worker0] Imported GUID: f3ac69de155752e498f0f9864e41e7a1 - Path: Assets/Imported_Aseests/TerrainSampleAssets/TerrainBrushes/Terrainstamp_Mountain08_Brush.brush - Importer: ScriptedImporter/UnityEditor.QuickSearchModule:UnityEditor.Search:ASIAI0B -> (ImportResultId: '6c063f0e2fa0e27b1770de4a8cf4b407') in 0.02264175 seconds
[Worker1] Imported GUID: 5b7433cfa322cdb4ba853ecd73127975 - Path: Assets/Imported_Aseests/TerrainSampleAssets/Textures/Heightmaps/Mountain02_Heightmap.tif - Importer: ScriptedImporter/UnityEditor.QuickSearchModule:UnityEditor.Search:ASIAI0B -> (ImportResultId: '73600e2b4f9fd9a85c89f2b1552624dc') in 0.021927958 seconds
[Worker0] Imported GUID: 3d4dd2affe15db043a6502ae256cd0d4 - Path: Assets/Imported_Aseests/TerrainSampleAssets/Prefabs/GrassDry_B.prefab - Importer: ScriptedImporter/UnityEditor.QuickSearchModule:UnityEditor.Search:ASIAI0B -> (ImportResultId: 'b74117c38baf622e6c7a05c60cf17103') in 0.023192625 seconds
[Worker1] Imported GUID: 2114e87dbc5872042860b1588217688e - Path: Assets/Imported_Aseests/TerrainSampleAssets/Textures/Terrain/Grass_Moss_Normal.tif - Importer: ScriptedImporter/UnityEditor.QuickSearchModule:UnityEditor.Search:ASIAI0B -> (ImportResultId: 'a9ab64cfbcf568654c114a56f8da6e69') in 0.026104709 seconds
[Worker0] Imported GUID: 69ac4ffc59a4b194c9f03bec38be51ae - Path: Assets/Imported_Aseests/TerrainSampleAssets/Textures/Terrain/Muddy_MaskMap.tif - Importer: ScriptedImporter/UnityEditor.QuickSearchModule:UnityEditor.Search:ASIAI0B -> (ImportResultId: 'afd040717d04cbeb10db13702e5ef6a9') in 0.024084875 seconds
[Worker1] Imported GUID: 753f8aefff7f53945bb09d75656ba8de - Path: Assets/Imported_Aseests/TerrainSampleAssets/Textures/Heightmaps/Ridge02_Heightmap.tif - Importer: ScriptedImporter/UnityEditor.QuickSearchModule:UnityEditor.Search:ASIAI0B -> (ImportResultId: 'ae8fe3f7b00394445bf74dbc658018f3') in 0.04417125 seconds
[Worker0] Imported GUID: d25c8def728088547ae6a1024dd9b481 - Path: Assets/Imported_Aseests/TerrainSampleAssets/TerrainLayers/Grass_Moss_TerrainLayer.terrainlayer - Importer: ScriptedImporter/UnityEditor.QuickSearchModule:UnityEditor.Search:ASIAI0B -> (ImportResultId: '5661419550f1118c83fd047be96c17cd') in 0.052841708 seconds
Asset Pipeline Refresh (id=af202025c3314411ab14ec413852f0b7): Total: 0.288 seconds - Initiated by RefreshV2(AllowForceSynchronousImport)
Asset Pipeline Refresh (id=df4f72d56831c42c690effa1e6967f1e): Total: 0.147 seconds - Initiated by RefreshV2(AllowForceSynchronousImport)
Asset Pipeline Refresh (id=36b1ba22b49144aed97c75a07412b3ac): Total: 0.154 seconds - Initiated by RefreshV2(AllowForceSynchronousImport)
Asset Pipeline Refresh (id=8027c78d79b484232b56281c3c67ef29): Total: 0.147 seconds - Initiated by RefreshV2(AllowForceSynchronousImport)
Asset Pipeline Refresh (id=2afe750dbb1924f1c8b4dd7fadcc5e7c): Total: 0.172 seconds - Initiated by RefreshV2(AllowForceSynchronousImport)
[Licensing::Client] Successfully resolved entitlement details
Curl error 6: Could not resolve host: cdp.cloud.unity3d.com
Curl error 6: Could not resolve host: cdp.cloud.unity3d.com
Curl error 6: Could not resolve host: cdp.cloud.unity3d.com
Curl error 6: Could not resolve host: cdp.cloud.unity3d.com
Curl error 6: Could not resolve host: cdp.cloud.unity3d.com
Curl error 6: Could not resolve host: cdp.cloud.unity3d.com
[Licensing::Client] Successfully resolved entitlement details
Curl error 6: Could not resolve host: cdp.cloud.unity3d.com
Curl error 6: Could not resolve host: cdp.cloud.unity3d.com
[Licensing::Client] Successfully updated the access token
[Licensing::Module] Successfully updated access token: "Kji16agd"... (expires: 2026-09-30T15:18:58Z)
UPID Received 'e6e95ea4-ef14-4965-b68b-58e6d45b51f4'.
Scanning for USB devices : 1.376ms
Scanning for USB devices : 0.048ms
[Licensing::Client] Successfully resolved entitlement details
Curl error 6: Could not resolve host: cdp.cloud.unity3d.com
Curl error 6: Could not resolve host: cdp.cloud.unity3d.com
Curl error 6: Could not resolve host: cdp.cloud.unity3d.com
Curl error 6: Could not resolve host: cdp.cloud.unity3d.com
[Licensing::Client] Successfully resolved entitlement details
Curl error 6: Could not resolve host: cdp.cloud.unity3d.com
Curl error 6: Could not resolve host: cdp.cloud.unity3d.com
Curl error 6: Could not resolve host: cdp.cloud.unity3d.com
Curl error 6: Could not resolve host: cdp.cloud.unity3d.com
[Licensing::Client] Successfully resolved entitlement details
Curl error 6: Could not resolve host: cdp.cloud.unity3d.com
Curl error 6: Could not resolve host: cdp.cloud.unity3d.com
[Licensing::Client] Successfully updated the access token
[Licensing::Module] Successfully updated access token: "olgKPeKR"... (expires: 2026-09-30T18:48:50Z)
UPID Received 'e6e95ea4-ef14-4965-b68b-58e6d45b51f4'.
Scanning for USB devices : 12.572ms
Scanning for USB devices : 1.834ms
Scanning for USB devices : 38.868ms
[Licensing::Client] Successfully resolved entitlement details
Curl error 6: Could not resolve host: cdp.cloud.unity3d.com
Curl error 6: Could not resolve host: cdp.cloud.unity3d.com
Curl error 6: Could not resolve host: cdp.cloud.unity3d.com
Curl error 6: Could not resolve host: cdp.cloud.unity3d.com

Asset Pipeline Refresh (id=7d8489ba8531d46308ec246a6505ad8b): Total: 0.396 seconds - Initiated by RefreshV2(AllowForceSynchronousImport)
	(Values over 0.05ms)
	Summary:
		Imports: total=0 (actual=0, local cache=0, cache server=0)
		Asset DB Process Time: managed=0 ms, native=390 ms
		Asset DB Callback time: managed=0 ms, native=4 ms
		Scripting: domain reloads=0, domain reload time=0 ms, compile time=0 ms, other=0 ms
		Project Asset Count: scripts=1769, non-scripts=4224
		Asset File Changes: new=0, changed=0, moved=0, deleted=0
		Scan Filter Count: 1
	InvokePackagesCallback: 4.183ms
	ApplyChangesToAssetFolders: 0.765ms
	Scan: 357.178ms
	Collect global state as custom dependencies: 2.434ms
	GatherAllCurrentPrimaryImportResultRevisions: 11.965ms
	UnloadStreamsBegin: 12.115ms
	UnloadStreamsEnd: 0.145ms
	Untracked: 6.571ms

Launching external process: /Applications/Unity/Hub/Editor/6000.5.0f1/Unity.app/Contents/Helpers/UnityShaderCompiler
Launched and connected shader compiler UnityShaderCompiler after 0.11 seconds
Launching external process: /Applications/Unity/Hub/Editor/6000.5.0f1/Unity.app/Contents/Helpers/UnityShaderCompiler
2026-09-30 23:55:54.040 Unity[1420:23175] NSEventModifierFlagFunction specified to -setKeyEquivalentModifierMask: for item <NSMenuItem: 0x79a0fbb60 SDF, ke='Command-F12'>, but is only supported for system-provided menu items; will not be used
Launched and connected shader compiler UnityShaderCompiler after 0.06 seconds
Launching external process: /Applications/Unity/Hub/Editor/6000.5.0f1/Unity.app/Contents/Helpers/UnityShaderCompiler
Launched and connected shader compiler UnityShaderCompiler after 0.06 seconds
Launching external process: /Applications/Unity/Hub/Editor/6000.5.0f1/Unity.app/Contents/Helpers/UnityShaderCompiler
Launched and connected shader compiler UnityShaderCompiler after 0.07 seconds
[Worker0] Imported GUID: 7e6fff2112f33d748962082012d11cce - Path: Assets/Imported_Aseests/TerrainSampleAssets/Textures/Terrain/Grass_Dry_BaseColor.tif - Importer: PreviewImporter -> (ImportResultId: 'f9a7b2374804b7bae12ce83b044e9994') in 0.679026792 seconds
Importing 'GUID: 46af0068df48a4e09b62d6074a64fbbb - Path: Assets/Terrain/New Terrain 1.asset' with importer (NativeFormatImporter)
Imported 'GUID: 46af0068df48a4e09b62d6074a64fbbb' -> (Import Result ID: 'd398b95a9af20cbc7dfdbf396f70f21f') in 0.007 seconds [static dependencies only]. Details - ImportResultOutputID=e3d21a475a5dd3add094270670aa1f18 DependenciesID=1ec5f968f11a3a5a6707a9ab3e2922e2 StaticDependenciesID=7e210de0ad8fa66846a4ef3e45206b2d 
Refreshing native plugins compatible for Editor in 2.64 ms, found 2 plugins.

Asset Pipeline Refresh (id=d87650860f37545d5b7ca56caa67f038): Total: 0.497 seconds - Initiated by StopAssetImportingV2(NoUpdateAssetOptions)
	(Values over 0.05ms)
	Summary:
		Imports: total=1 (actual=1, local cache=0, cache server=0)
		Asset DB Process Time: managed=0 ms, native=458 ms
		Asset DB Callback time: managed=21 ms, native=16 ms
		Scripting: domain reloads=0, domain reload time=0 ms, compile time=0 ms, other=0 ms
		Project Asset Count: scripts=1769, non-scripts=4224
		Asset File Changes: new=0, changed=1, moved=0, deleted=0
		Scan Filter Count: 3
	ApplyChangesToAssetFolders: 0.196ms
	Scan: 11.949ms
	Collect global state as custom dependencies: 0.068ms
	OnSourceAssetsModified: 0.941ms
	CategorizeScriptCompilationAssets: 0.426ms
	ProcessAssetsWithTransientArtifactChanges: 2.634ms
	CategorizeAssets: 172.060ms
	ImportOutOfDateAssets: 200.754ms (52.607ms without children)
		ImportManagerImport: 18.469ms (10.619ms without children)
		ReloadNativeAssets: 0.205ms
		UnloadImportedAssets: 0.236ms
		ReloadImportedAssets: 0.276ms
		EnsureUptoDateAssetsAreRegisteredWithGuidPM: 1.028ms
		InitializingProgressBar: 0.401ms
		ImportSchedulerStart: 127.806ms
	PostProcessAllAssets: 13.800ms
		XRBuildSystem.XRAssetImported 0.575ms
		PostProcessCallbackCreateDeferredMaterials 0.178ms
		AssemblyValidation.PostprocessAllAssets 0.139ms
		MonoPostProcessAllAssets: 11.890ms
			SyncVS.PostprocessSyncProject 4.805ms
			AssetPostprocessor.OnPostprocessAllAssets 1.619ms
			AssetChangedListener.OnPostprocessAllAssets 1.536ms
			ShaderGraphAssetPostProcessor.OnPostprocessAllAssets 0.550ms
			ProjectSettingsPostprocessor.OnPostprocessAllAssets 0.230ms
			RenderPipelineGlobalSettingsPostprocessor.OnPostprocessAllAssets 0.157ms
			RetainedModeAssetPostprocessor.OnPostprocessAllAssets 0.120ms
			SamplePostprocessor.OnPostprocessAllAssets 0.091ms
			HDRenderPipelineGlobalSettingsPostprocessor.OnPostprocessAllAssets 0.064ms
	PostAssetChangesProfiler: 23.811ms
	GatherAllCurrentPrimaryImportResultRevisions: 2.336ms
	PersistCurrentRevisions: 0.325ms
	Untracked: 67.424ms

Importing 'GUID: 99c9720ab356a0642a771bea13969a05 - Path: Assets/Scenes/SampleScene.unity' with importer (DefaultImporter)
Imported 'GUID: 99c9720ab356a0642a771bea13969a05' -> (Import Result ID: '5cdc8426fdea444b394fce1ecd068410') in 0.004 seconds [static dependencies only]. Details - ImportResultOutputID=378ca25c6c95e370f41ed482e616ed68 DependenciesID=a138459d3a18d474dcd52cdd12f9c7a4 StaticDependenciesID=52b8742e64d7c8a8f66ecab20b56b0eb 
Asset Pipeline Refresh (id=9afa410ef499a436896306f84f6e401f): Total: 0.231 seconds - Initiated by StopAssetImportingV2(NoUpdateAssetOptions)
[Worker0] Imported GUID: 99c9720ab356a0642a771bea13969a05 - Path: Assets/Scenes/SampleScene.unity - Importer: ScriptedImporter/UnityEditor.QuickSearchModule:UnityEditor.Search:ASIAI0B -> (ImportResultId: '95c2efb79bf1ddc52574b190a23eabf6') in 0.056690834 seconds
[Worker1] Imported GUID: 46af0068df48a4e09b62d6074a64fbbb - Path: Assets/Terrain/New Terrain 1.asset - Importer: ScriptedImporter/UnityEditor.QuickSearchModule:UnityEditor.Search:ASIAI0B -> (ImportResultId: 'e1006e8c8193ec11e41c784edbc0cbf6') in 0.122430208 seconds
MonoPathRemapper: Attempts to remap: 73181; Successful remaps: 27574
Thread 0x3503bf000 may have been prematurely finalized
Serialized file version minimum: 22, current 23
[LAYOUT] About to save layout /Users/alokshinde/Desktop/Unity Projects/project 3rd/UserSettings/Layouts/default-6000.dwlt
[LAYOUT] About to save layout /Users/alokshinde/Library/Preferences/Unity/Editor-5.x/Layouts/current/default-6000.dwlt
Importing 'GUID: 46af0068df48a4e09b62d6074a64fbbb - Path: Assets/Terrain/New Terrain 1.asset' with importer (NativeFormatImporter)
Imported 'GUID: 46af0068df48a4e09b62d6074a64fbbb' -> (Import Result ID: 'd398b95a9af20cbc7dfdbf396f70f21f') in 0.005 seconds [static dependencies only]. Details - ImportResultOutputID=e3d21a475a5dd3add094270670aa1f18 DependenciesID=1ec5f968f11a3a5a6707a9ab3e2922e2 StaticDependenciesID=7e210de0ad8fa66846a4ef3e45206b2d 
Asset Pipeline Refresh (id=341c21fe34105455f96f5451b41b880e): Total: 0.171 seconds - Initiated by StopAssetImportingV2(NoUpdateAssetOptions)
Thread 0x350607000 may have been prematurely finalized
Shutting down MSBuild server...
Shutting down VB/C# compiler server...
VB/C# compiler server shut down successfully.
MSBuild server shut down successfully.
Input System module state changed to: ShutdownInProgress.
Input Polling Thread exited.
Input System module state changed to: Shutdown.
[Physics::Module] Cleanup current backend.
[Physics::Module] Id: 0xf2b8ea05
[Licensing::IpcConnector] LicenseClient-alokshinde-notifications channel disconnected successfully.
[Licensing::IpcConnector] LicenseClient-alokshinde channel disconnected successfully.
Thread 0x16c677000 may have been prematurely finalized
Thread 0x16c703000 may have been prematurely finalized
Thread 0x16c78f000 may have been prematurely finalized
Thread 0x16c81b000 may have been prematurely finalized
Thread 0x16c8a7000 may have been prematurely finalized
Thread 0x16c933000 may have been prematurely finalized
Thread 0x16c9bf000 may have been prematurely finalized
AcceleratorClientConnectionCallback - disconnected - :0
Thread 0x17ba87000 may have been prematurely finalized
Cleanup mono
CodeReloadManager destroyed
info: Microsoft.Hosting.Lifetime[0]
      Application is shutting down...
info: Unity.ILPP.Runner.PostProcessingAssemblyLoadContext[0]
      ALC ILPP context 1 is unloading
debugger-agent: Unable to listen on 83
Checking for leaked weakptr:
  Found no leaked weakptrs.
[Package Manager] Server process was shutdown
##utp:{"type":"MemoryLeaks","version":2,"phase":"Immediate","time":1790792762725,"processId":1420,"allocatedMemory":53030429,"memoryLabels":[{"Default":299036},{"Permanent":15672},{"Thread":1055928},{"Manager":812350},{"VertexData":8},{"Geometry":408},{"Texture":24},{"Shader":858247},{"Material":15012},{"GfxDevice":75568},{"GfxThread":19200},{"Animation":968},{"Audio":1616},{"FreeType":8},{"FontEngine":736},{"Physics":2178},{"Physics2D":16},{"Serialization":87944},{"Input":43216},{"JobScheduler":448},{"TextLib":37328},{"Mono":56},{"MonoCode":144},{"ScriptingNativeRuntime":155024},{"BaseObject":1702053},{"Resource":984},{"Renderer":3600},{"Transform":4693},{"File":66210},{"WebCam":32},{"Culling":32},{"Terrain":11346},{"Wind":24},{"String":12771},{"StaticString":4140},{"Utility":2689152},{"PoolAlloc":2152},{"AI":80},{"TypeTree":17293},{"CodeReload":448},{"RuntimeInitializeOnLoadManager":64},{"Sprites":102},{"SpriteAtlas":120},{"GI":7240},{"Director":8288},{"CloudService":7168},{"WebRequest":4788},{"VR":46890},{"SceneManager":616},{"Video":2112},{"LazyScriptCache":32},{"NativeArray":33128888},{"Camera":17},{"Secure":9945},{"SerializationCache":1576},{"APIUpdating":10320},{"Subsystems":336},{"VirtualTexturing":57504},{"StaticSafetyDebugInfo":278528},{"Baselib":16},{"Analytics":528},{"Hierarchy":1608},{"UIElements":1847136},{"CoreStats":13768},{"Identifiers":13536},{"Gui":280807},{"EditorUtility":261507},{"VersionControl":8},{"Undo":939},{"AssetDatabase":8985600},{"AssetImporter":40},{"EditorGi":328},{"UnityConnect":40042},{"Upm":1788},{"UpmDiagnostics":8},{"AssetCompliance":64},{"DrivenProperties":72},{"HubClient":848},{"LocalIPC":209},{"ProfilerEditor":9738},{"CoreBusinessMetrics":3045},{"Windowing":416},{"Licensing":960},{"AssetReference":32},{"IPCStream":6811}]}
